timestamp,open,high,low,close,volume
2023-06-09 12:18:00,26640,26640.01,26640,26640.01,3.68903
2023-06-09 12:19:00,26640.01,26655,26640,26654.99,19.82568
2023-06-09 12:20:00,26654.99,26667.12,26654.99,26661.16,20.83763
2023-06-09 12:21:00,26661.16,26661.16,26643.89,26643.89,13.67056
2023-06-09 12:22:00,26643.9,26643.9,26632.22,26632.23,9.34729
2023-06-09 12:23:00,26632.22,26632.23,26630.36,26630.37,9.46772
2023-06-09 12:24:00,26630.37,26630.37,26621.51,26621.51,25.55637
2023-06-09 12:25:00,26621.51,26641.22,26621.51,26641.21,15.15008
2023-06-09 12:26:00,26641.21,26645.79,26641.21,26642.29,19.69369
2023-06-09 12:27:00,26642.29,26642.3,26634.67,26634.7,20.62786
2023-06-09 12:28:00,26634.69,26652.6,26634.69,26646.01,50.69072
2023-06-09 12:29:00,26646,26652.6,26636.2,26636.21,51.71168
2023-06-09 12:30:00,26636.2,26652.34,26636.2,26650.78,36.97563
2023-06-09 12:31:00,26650.78,26655.66,26647.91,26647.92,17.37365
2023-06-09 12:32:00,26647.91,26647.92,26642.97,26642.97,13.74363
2023-06-09 12:33:00,26642.98,26653.49,26642.97,26653.48,22.22866
2023-06-09 12:34:00,26653.49,26653.49,26634.8,26635.27,22.06422
2023-06-09 12:35:00,26635.26,26635.27,26630.62,26630.63,6.88081
2023-06-09 12:36:00,26630.62,26634.89,26630.62,26632.35,21.39315
2023-06-09 12:37:00,26632.35,26650,26632.35,26649.99,35.46866
2023-06-09 12:38:00,26649.99,26664.32,26648.38,26662.99,27.48194
2023-06-09 12:39:00,26662.99,26662.99,26646.61,26646.61,11.16302
2023-06-09 12:40:00,26646.62,26653.56,26646.61,26653.55,15.58325
2023-06-09 12:41:00,26653.56,26653.56,26647.86,26653.55,14.66232
2023-06-09 12:42:00,26653.55,26653.72,26642.84,26642.84,30.91005
2023-06-09 12:43:00,26642.85,26642.85,26637.76,26637.76,10.46009
2023-06-09 12:44:00,26637.77,26643.95,26637.76,26643.95,12.30701
2023-06-09 12:45:00,26643.95,26649.43,26643.94,26649.43,3.69108
2023-06-09 12:46:00,26649.42,26649.43,26631.21,26631.21,20.77083
2023-06-09 12:47:00,26631.21,26631.22,26621.83,26627.16,11.85857
2023-06-09 12:48:00,26627.16,26627.16,26624.49,26624.5,2.84477
2023-06-09 12:49:00,26624.5,26625.5,26624.49,26625.5,12.53355
2023-06-09 12:50:00,26625.49,26660.82,26625.49,26657.96,42.01211
2023-06-09 12:51:00,26657.95,26657.96,26647.73,26647.73,14.49108
2023-06-09 12:52:00,26647.74,26647.74,26645.52,26645.81,7.8635
2023-06-09 12:53:00,26645.82,26664.43,26645.81,26662.05,46.59105
2023-06-09 12:54:00,26662.05,26699.99,26662.04,26692.83,75.32397
2023-06-09 12:55:00,26692.83,26695.7,26667.42,26667.43,44.16904
2023-06-09 12:56:00,26667.42,26669.66,26664.71,26666.84,13.57939
2023-06-09 12:57:00,26666.83,26666.84,26656.91,26658.49,19.05971
2023-06-09 12:58:00,26658.49,26690.34,26651.83,26672.65,56.85897
2023-06-09 12:59:00,26672.65,26674.62,26661.79,26673.76,15.88752
2023-06-09 13:00:00,26673.75,26686.87,26673.1,26682.46,61.44927
2023-06-09 13:01:00,26682.46,26683.63,26676.88,26677.04,20.95744
2023-06-09 13:02:00,26677.04,26677.04,26660.88,26660.88,72.87601
2023-06-09 13:03:00,26660.89,26663.94,26660.75,26660.86,21.32203
2023-06-09 13:04:00,26660.86,26667.52,26660.85,26663.51,22.75162
2023-06-09 13:05:00,26663.51,26690.01,26657.14,26690,160.62623
2023-06-09 13:06:00,26690.01,26702.4,26677.73,26683.78,190.23732
2023-06-09 13:07:00,26683.78,26685.37,26679.51,26683.21,32.25352
2023-06-09 13:08:00,26683.2,26687.73,26680,26684.74,23.75121
2023-06-09 13:09:00,26684.73,26684.74,26674.47,26679.34,24.47139
2023-06-09 13:10:00,26679.34,26693.78,26679.34,26686.09,13.40885
2023-06-09 13:11:00,26686.09,26686.1,26684,26685.12,6.86509
2023-06-09 13:12:00,26685.12,26693.78,26685.11,26692.93,22.36121
2023-06-09 13:13:00,26692.93,26699.47,26692.93,26699.46,5.52545
2023-06-09 13:14:00,26699.46,26700.54,26697.83,26697.84,22.56871
2023-06-09 13:15:00,26697.83,26703.58,26697.83,26702.21,16.02874
2023-06-09 13:16:00,26702.21,26704.27,26695.48,26704.26,30.00307
2023-06-09 13:17:00,26704.26,26709.06,26703.57,26706.43,20.57273
2023-06-09 13:18:00,26706.43,26738.75,26706.43,26734.3,101.04095
2023-06-09 13:19:00,26734.3,26748,26725.63,26741.34,68.19123
2023-06-09 13:20:00,26741.35,26747.29,26739.25,26743.15,29.96526
2023-06-09 13:21:00,26743.15,26746.62,26739.68,26746.62,34.15256
2023-06-09 13:22:00,26746.62,26777.61,26745.04,26762.35,93.22131
2023-06-09 13:23:00,26762.36,26767.25,26744.89,26767.24,48.08002
2023-06-09 13:24:00,26767.24,26783.33,26764.74,26764.75,60.92353
2023-06-09 13:25:00,26764.74,26764.75,26734.22,26734.23,37.56703
2023-06-09 13:26:00,26734.23,26739.11,26727.14,26729.25,37.84312
2023-06-09 13:27:00,26729.26,26729.26,26706.87,26707.33,33.66992
2023-06-09 13:28:00,26707.33,26719.76,26700.2,26719.58,47.87437
2023-06-09 13:29:00,26719.59,26719.59,26680.22,26685.03,65.80444
2023-06-09 13:30:00,26685.03,26713.25,26666,26666,77.52864
2023-06-09 13:31:00,26666,26678.92,26652.01,26663.09,56.96527
2023-06-09 13:32:00,26663.08,26676.98,26658.07,26658.08,44.14249
2023-06-09 13:33:00,26658.08,26663.71,26641.64,26650.53,61.35626
2023-06-09 13:34:00,26650.54,26652.68,26641.65,26652.68,32.87121
2023-06-09 13:35:00,26652.68,26670.74,26652.67,26670.72,32.44744
2023-06-09 13:36:00,26670.72,26675.27,26667.46,26670.87,26.14814
2023-06-09 13:37:00,26670.86,26676.58,26654.41,26676.06,25.98165
2023-06-09 13:38:00,26676.07,26684.49,26666.66,26670.86,21.57024
2023-06-09 13:39:00,26670.86,26679.56,26670.85,26676.33,20.78805
2023-06-09 13:40:00,26676.33,26676.33,26666.66,26666.67,10.9702
2023-06-09 13:41:00,26666.67,26666.67,26652.56,26652.56,23.26514
2023-06-09 13:42:00,26652.57,26660.52,26641.33,26650.71,56.08671
2023-06-09 13:43:00,26650.72,26654.98,26641.53,26641.54,18.75275
2023-06-09 13:44:00,26641.54,26641.54,26628.71,26629.99,24.37635
2023-06-09 13:45:00,26630,26645.53,26629.99,26645.52,40.05229
2023-06-09 13:46:00,26645.52,26647.91,26638.93,26643.64,15.30611
2023-06-09 13:47:00,26643.63,26645.17,26630,26645.16,45.59051
2023-06-09 13:48:00,26645.16,26665.84,26637.97,26639.99,55.27325
2023-06-09 13:49:00,26639.98,26640,26627.21,26627.22,25.9606
2023-06-09 13:50:00,26627.21,26637.95,26627.21,26634.54,35.4025
2023-06-09 13:51:00,26634.55,26641.26,26633.8,26634.39,23.67994
2023-06-09 13:52:00,26634.4,26644.78,26634.39,26643.66,18.92603
2023-06-09 13:53:00,26643.67,26647.96,26643.66,26647.96,10.42916
2023-06-09 13:54:00,26647.96,26668.82,26647.95,26665.96,24.90245
2023-06-09 13:55:00,26665.96,26667.3,26662.42,26662.42,13.17274
2023-06-09 13:56:00,26662.42,26664.2,26659.59,26659.6,15.31396
2023-06-09 13:57:00,26659.59,26662.46,26656.48,26656.49,21.76635
2023-06-09 13:58:00,26656.49,26656.49,26652.17,26652.17,11.62805
2023-06-09 13:59:00,26652.17,26652.18,26634.64,26634.65,34.79583
2023-06-09 14:00:00,26634.64,26646.2,26634.64,26646.2,14.93593
2023-06-09 14:01:00,26646.19,26655.37,26642,26644.82,37.00063
2023-06-09 14:02:00,26644.83,26657.84,26644.82,26657.44,11.28769
2023-06-09 14:03:00,26657.45,26657.62,26656.28,26657.61,11.75255
2023-06-09 14:04:00,26657.61,26659.83,26657.61,26659.83,6.46989
2023-06-09 14:05:00,26659.83,26661.16,26634.68,26640.22,54.39118
2023-06-09 14:06:00,26640.22,26644.51,26615,26615,36.70626
2023-06-09 14:07:00,26615,26617,26600.65,26603.67,33.11494
2023-06-09 14:08:00,26603.68,26607.3,26601.56,26606.83,10.34326
2023-06-09 14:09:00,26606.84,26615.92,26602.79,26605.88,41.96634
2023-06-09 14:10:00,26605.87,26612.89,26605.87,26612.18,12.81543
2023-06-09 14:11:00,26612.17,26638.22,26612.17,26631.16,32.50567
2023-06-09 14:12:00,26631.17,26645.34,26631.16,26638.64,20.227
2023-06-09 14:13:00,26638.63,26654.99,26638.63,26654.99,22.87864
2023-06-09 14:14:00,26654.98,26664.19,26641.48,26644.81,38.45596
2023-06-09 14:15:00,26644.81,26660.29,26644.8,26659.13,21.98007
2023-06-09 14:16:00,26659.13,26669.96,26659.13,26669.96,17.57581
2023-06-09 14:17:00,26669.95,26677,26669.95,26672.05,17.96112
2023-06-09 14:18:00,26672.05,26674.06,26670.45,26674.06,18.45393
2023-06-09 14:19:00,26674.05,26690.51,26674.05,26690.51,30.8046
2023-06-09 14:20:00,26690.51,26691.03,26677.2,26680.06,25.86616
2023-06-09 14:21:00,26680.06,26689.4,26676.14,26689.39,25.1853
2023-06-09 14:22:00,26689.39,26699.59,26689.39,26690.01,23.55985
2023-06-09 14:23:00,26690.01,26699.78,26686.98,26694.21,26.28213
2023-06-09 14:24:00,26694.2,26700,26694.2,26697.69,15.7734
2023-06-09 14:25:00,26697.69,26712.52,26697.68,26699.56,54.43782
2023-06-09 14:26:00,26699.57,26699.57,26685.8,26685.82,12.18666
2023-06-09 14:27:00,26685.82,26690.15,26684.5,26684.5,18.8186
2023-06-09 14:28:00,26684.51,26694.56,26684.5,26694.56,23.99472
2023-06-09 14:29:00,26694.55,26694.56,26686.21,26686.21,26.74503
2023-06-09 14:30:00,26686.22,26686.39,26686.21,26686.39,8.33865
2023-06-09 14:31:00,26686.39,26689.68,26674.06,26674.06,30.70633
2023-06-09 14:32:00,26674.07,26674.07,26671.4,26671.41,8.23864
2023-06-09 14:33:00,26671.4,26674.91,26667.52,26672.15,17.55552
2023-06-09 14:34:00,26672.14,26673.66,26646.25,26649.24,55.68016
2023-06-09 14:35:00,26649.25,26650.61,26613.36,26615.27,29.82428
2023-06-09 14:36:00,26615.28,26619.57,26605.11,26613.61,36.05871
2023-06-09 14:37:00,26613.6,26615.7,26594.55,26594.56,37.05989
2023-06-09 14:38:00,26594.56,26606.38,26593.98,26602.02,30.90486
2023-06-09 14:39:00,26602.02,26609.01,26593.34,26596,25.35854
2023-06-09 14:40:00,26596,26601.32,26582.56,26600.11,35.09943
2023-06-09 14:41:00,26600.1,26601.77,26581.77,26595.92,29.6818
2023-06-09 14:42:00,26595.92,26596.53,26580,26589.21,82.68243
2023-06-09 14:43:00,26589.22,26593.77,26563.93,26572.18,52.4837
2023-06-09 14:44:00,26572.18,26591.44,26567.71,26591.44,63.13159
2023-06-09 14:45:00,26591.43,26591.44,26552.8,26559.8,54.11769
2023-06-09 14:46:00,26559.8,26568.84,26556.29,26565.92,45.97045
2023-06-09 14:47:00,26565.92,26568.47,26560.11,26563.53,24.14678
2023-06-09 14:48:00,26563.54,26567.53,26558.08,26566.61,26.36231
2023-06-09 14:49:00,26566.6,26566.61,26540.49,26540.49,58.87216
2023-06-09 14:50:00,26540.49,26548.75,26536.96,26548.75,57.43673
2023-06-09 14:51:00,26548.74,26572.97,26545.88,26572.97,40.26601
2023-06-09 14:52:00,26572.96,26575.7,26563.41,26567.85,20.04115
2023-06-09 14:53:00,26567.86,26567.86,26561.01,26563.64,13.30994
2023-06-09 14:54:00,26563.63,26576.56,26563.63,26576.56,21.59761
2023-06-09 14:55:00,26576.56,26612.89,26569.05,26611.6,32.909
2023-06-09 14:56:00,26611.59,26619.56,26597.29,26600.61,42.26077
2023-06-09 14:57:00,26600.61,26607.59,26583.46,26590.59,35.27984
2023-06-09 14:58:00,26590.58,26590.59,26581.57,26581.58,17.08608
2023-06-09 14:59:00,26581.58,26594.64,26581.57,26594.64,16.22494
2023-06-09 15:00:00,26594.63,26597.54,26594.63,26597.53,10.71598
2023-06-09 15:01:00,26597.54,26597.54,26587.86,26587.87,22.45512
2023-06-09 15:02:00,26587.86,26587.87,26585,26585,19.09486
2023-06-09 15:03:00,26585.01,26585.01,26583.53,26583.53,9.93386
2023-06-09 15:04:00,26583.54,26583.54,26577.02,26577.2,16.45059
2023-06-09 15:05:00,26577.2,26595.52,26577.19,26595.51,21.03772
2023-06-09 15:06:00,26595.52,26611.07,26595.51,26611.07,10.4856
2023-06-09 15:07:00,26611.07,26622.16,26611.06,26613.74,22.42225
2023-06-09 15:08:00,26613.75,26618.51,26607.18,26618.5,9.71899
2023-06-09 15:09:00,26618.5,26620.62,26606,26608.87,18.21197
2023-06-09 15:10:00,26608.87,26608.87,26602.81,26603.03,13.62068
2023-06-09 15:11:00,26603.03,26608.39,26603.02,26608.38,8.64859
2023-06-09 15:12:00,26608.38,26608.39,26608.38,26608.39,7.73253
2023-06-09 15:13:00,26608.39,26608.39,26602.79,26602.79,12.49104
2023-06-09 15:14:00,26602.79,26607.74,26602.79,26607.73,8.36067
2023-06-09 15:15:00,26607.74,26613.66,26603.24,26603.24,34.87495
2023-06-09 15:16:00,26603.25,26611,26603.24,26611,29.42498
2023-06-09 15:17:00,26611,26625.52,26610.79,26625.51,55.80703
2023-06-09 15:18:00,26625.51,26632.25,26621.79,26632.25,19.56498
2023-06-09 15:19:00,26632.25,26633.76,26632.24,26633.75,7.9704
2023-06-09 15:20:00,26633.76,26633.76,26623.53,26623.53,29.57467
2023-06-09 15:21:00,26623.54,26623.54,26607.53,26612.86,28.62898
2023-06-09 15:22:00,26612.85,26612.86,26587.77,26600.81,112.73982
2023-06-09 15:23:00,26600.8,26610,26600.8,26607.24,14.15805
2023-06-09 15:24:00,26607.24,26611,26599.19,26604.43,28.68849
2023-06-09 15:25:00,26604.42,26604.53,26583.43,26604.52,47.19349
2023-06-09 15:26:00,26604.52,26605.35,26600.52,26602.18,14.46311
2023-06-09 15:27:00,26602.19,26607.26,26602.18,26604.96,11.66914
2023-06-09 15:28:00,26604.95,26604.96,26586.46,26586.47,28.55035
2023-06-09 15:29:00,26586.46,26587.31,26585.89,26587.29,8.21178
2023-06-09 15:30:00,26587.29,26598.8,26587.29,26598.8,16.66972
2023-06-09 15:31:00,26598.79,26606.29,26592.31,26602.32,48.1698
2023-06-09 15:32:00,26602.33,26602.33,26592.16,26592.17,36.29374
2023-06-09 15:33:00,26592.17,26595.03,26587.29,26587.3,45.78193
2023-06-09 15:34:00,26587.29,26589.05,26582.73,26588.01,26.62635
2023-06-09 15:35:00,26588.02,26595.13,26588.01,26595.13,13.43801
2023-06-09 15:36:00,26595.12,26597.31,26595.12,26597.31,10.16605
2023-06-09 15:37:00,26597.3,26603.32,26597.3,26603.32,21.44285
2023-06-09 15:38:00,26603.31,26603.32,26603.31,26603.32,12.06063
2023-06-09 15:39:00,26603.31,26603.32,26591.43,26591.44,22.94071
2023-06-09 15:40:00,26591.44,26598.98,26591.43,26592.31,14.17689
2023-06-09 15:41:00,26592.31,26595.02,26592.31,26595.01,4.02949
2023-06-09 15:42:00,26595.02,26596.67,26595.01,26596.66,11.00473
2023-06-09 15:43:00,26596.66,26604.7,26588.01,26591.73,44.62445
2023-06-09 15:44:00,26591.73,26593.98,26591.72,26593.98,17.35826
2023-06-09 15:45:00,26593.98,26593.98,26574.63,26574.63,20.4891
2023-06-09 15:46:00,26574.64,26574.64,26550,26550,38.63867
2023-06-09 15:47:00,26550.01,26550.01,26532.95,26541.92,42.17641
2023-06-09 15:48:00,26541.92,26557.83,26535.73,26539.16,88.20061
2023-06-09 15:49:00,26539.16,26539.17,26484.18,26504.86,182.61388
2023-06-09 15:50:00,26504.86,26523.72,26495.75,26523.29,56.76094
2023-06-09 15:51:00,26523.29,26523.29,26503.04,26503.49,46.30895
2023-06-09 15:52:00,26503.48,26503.49,26484,26490.87,43.40718
2023-06-09 15:53:00,26490.86,26503.05,26486.54,26497.66,41.37136
2023-06-09 15:54:00,26497.65,26497.66,26452.86,26476.92,121.69213
2023-06-09 15:55:00,26476.93,26476.93,26454.11,26474.38,31.8922
2023-06-09 15:56:00,26474.38,26478.23,26456.1,26461.88,35.97054
2023-06-09 15:57:00,26461.87,26477.79,26455.75,26460.47,44.85749
2023-06-09 15:58:00,26460.48,26479.83,26460.47,26470.81,33.5023
2023-06-09 15:59:00,26470.82,26482.38,26470.81,26477.37,18.99626
2023-06-09 16:00:00,26477.36,26477.37,26453.99,26459.35,49.34896
2023-06-09 16:01:00,26459.36,26465.96,26447.03,26465.96,65.68858
2023-06-09 16:02:00,26465.96,26479.79,26442.98,26448.13,50.26749
2023-06-09 16:03:00,26448.14,26456.1,26444.95,26452.9,70.83234
2023-06-09 16:04:00,26452.91,26476.17,26452.9,26476.16,25.35559
2023-06-09 16:05:00,26476.17,26497.74,26476.16,26497.74,48.75071
2023-06-09 16:06:00,26497.74,26501.6,26497.73,26501.21,9.5525
2023-06-09 16:07:00,26501.21,26508.23,26501.2,26508.22,8.03201
2023-06-09 16:08:00,26508.22,26508.23,26500,26506.22,18.17187
2023-06-09 16:09:00,26506.22,26510.01,26506.21,26508.69,11.12753
2023-06-09 16:10:00,26508.68,26508.69,26508.68,26508.68,4.1169
2023-06-09 16:11:00,26508.69,26515.26,26504.25,26515.26,29.7598
2023-06-09 16:12:00,26515.26,26515.26,26506.24,26506.24,16.65447
2023-06-09 16:13:00,26506.25,26506.25,26505.16,26506.23,11.61066
2023-06-09 16:14:00,26506.22,26520,26506.22,26520,19.76008
2023-06-09 16:15:00,26519.99,26520,26510.05,26510.06,29.15461
2023-06-09 16:16:00,26510.06,26512.91,26510.05,26512.91,8.44911
2023-06-09 16:17:00,26512.91,26529.54,26512.9,26528.09,29.53474
2023-06-09 16:18:00,26528.08,26528.09,26516.73,26516.73,26.46664
2023-06-09 16:19:00,26516.74,26516.74,26511.55,26511.56,20.26367
2023-06-09 16:20:00,26511.56,26516.02,26510.49,26516.02,13.12402
2023-06-09 16:21:00,26516.02,26516.02,26512.01,26512.01,5.93497
2023-06-09 16:22:00,26512.01,26512.02,26506.22,26506.23,10.9347
2023-06-09 16:23:00,26506.22,26510.16,26500.61,26500.62,16.14412
2023-06-09 16:24:00,26500.61,26512.72,26500.61,26505.21,35.42245
2023-06-09 16:25:00,26505.21,26505.22,26484.8,26484.8,28.96897
2023-06-09 16:26:00,26484.8,26484.81,26465.46,26468.33,41.09057
2023-06-09 16:27:00,26468.33,26468.33,26453.88,26461.27,34.63473
2023-06-09 16:28:00,26461.27,26476.82,26461.26,26476.81,11.82122
2023-06-09 16:29:00,26476.82,26500,26476.81,26497.81,52.80228
2023-06-09 16:30:00,26497.81,26507.98,26495.36,26507.97,22.93743
2023-06-09 16:31:00,26507.98,26509.99,26504.16,26509.99,23.46884
2023-06-09 16:32:00,26509.99,26515,26509.98,26515,13.9954
2023-06-09 16:33:00,26515,26516.72,26514.23,26514.23,13.56859
2023-06-09 16:34:00,26514.23,26514.24,26503.05,26503.05,14.23965
2023-06-09 16:35:00,26503.06,26503.06,26486.96,26486.97,13.13857
2023-06-09 16:36:00,26486.97,26486.97,26464.8,26468.01,27.04917
2023-06-09 16:37:00,26468.01,26470.82,26466.87,26468,13.44929
2023-06-09 16:38:00,26468,26476.38,26460,26476.38,17.98821
2023-06-09 16:39:00,26476.37,26476.38,26468.03,26472.7,9.68456
2023-06-09 16:40:00,26472.71,26477.14,26468.03,26477.13,21.80495
2023-06-09 16:41:00,26477.13,26480,26477.13,26480,13.69533
2023-06-09 16:42:00,26480,26480,26475.51,26475.51,11.63784
2023-06-09 16:43:00,26475.52,26475.52,26473.36,26473.37,5.38556
2023-06-09 16:44:00,26473.37,26478.22,26473.36,26478.21,8.71938
2023-06-09 16:45:00,26478.21,26488.71,26478.09,26485.19,23.93586
2023-06-09 16:46:00,26485.18,26485.19,26483.32,26484.57,8.20694
2023-06-09 16:47:00,26484.58,26484.58,26470,26470.01,17.82559
2023-06-09 16:48:00,26470,26477.24,26470,26470.28,5.79205
2023-06-09 16:49:00,26470.27,26472.6,26470.27,26472.59,10.53531
2023-06-09 16:50:00,26472.59,26472.6,26472.59,26472.6,7.47465
2023-06-09 16:51:00,26472.6,26472.6,26470.81,26470.82,10.2035
2023-06-09 16:52:00,26470.81,26470.82,26470.81,26470.82,4.91218
2023-06-09 16:53:00,26470.82,26473.68,26470.81,26473.67,9.96269
2023-06-09 16:54:00,26473.67,26473.68,26473.67,26473.67,8.89172
2023-06-09 16:55:00,26473.68,26473.68,26447.24,26447.24,50.21065
2023-06-09 16:56:00,26447.25,26454.4,26447.24,26454.39,15.60992
2023-06-09 16:57:00,26454.39,26471.71,26453.07,26471.71,24.28411
2023-06-09 16:58:00,26471.71,26488.12,26471.7,26488.11,14.81236
2023-06-09 16:59:00,26488.11,26488.12,26482.77,26482.84,9.90949
2023-06-09 17:00:00,26482.83,26482.84,26472.55,26472.56,23.37718
2023-06-09 17:01:00,26472.56,26472.56,26470.77,26470.78,7.5178
2023-06-09 17:02:00,26470.78,26470.78,26469.16,26469.16,4.37164
2023-06-09 17:03:00,26469.17,26469.17,26466.05,26468.92,21.44857
2023-06-09 17:04:00,26468.91,26468.92,26465.98,26465.99,5.22475
2023-06-09 17:05:00,26465.98,26465.99,26463.18,26463.19,6.38617
2023-06-09 17:06:00,26463.18,26463.19,26453.07,26453.07,30.00606
2023-06-09 17:07:00,26453.08,26479.9,26453.07,26457.38,72.16544
2023-06-09 17:08:00,26457.39,26457.39,26453.05,26453.06,11.35082
2023-06-09 17:09:00,26453.05,26464.3,26453.05,26462.77,18.87283
2023-06-09 17:10:00,26462.76,26462.77,26457.09,26459.56,27.81238
2023-06-09 17:11:00,26459.55,26460.29,26454.81,26454.82,13.23459
2023-06-09 17:12:00,26454.82,26454.82,26423,26434.42,44.56756
2023-06-09 17:13:00,26434.41,26434.42,26417.92,26417.93,45.67919
2023-06-09 17:14:00,26417.92,26434.02,26417.92,26434,36.68089
2023-06-09 17:15:00,26434,26470.41,26433.99,26454.08,63.4835
2023-06-09 17:16:00,26454.09,26461.19,26451.99,26461.18,16.13869
2023-06-09 17:17:00,26461.19,26484.04,26461.18,26484.03,22.23186
2023-06-09 17:18:00,26484.03,26511.45,26484.03,26499.86,44.46774
2023-06-09 17:19:00,26499.85,26499.86,26489.88,26498.12,23.93992
2023-06-09 17:20:00,26498.12,26498.13,26475.56,26475.57,16.45654
2023-06-09 17:21:00,26475.57,26481.34,26472.78,26481.34,15.88631
2023-06-09 17:22:00,26481.33,26485.9,26481.33,26485.9,15.51487
2023-06-09 17:23:00,26485.89,26496.77,26485.89,26492.54,13.74972
2023-06-09 17:24:00,26492.54,26492.55,26492.54,26492.54,4.2335
2023-06-09 17:25:00,26492.54,26492.55,26483.95,26487.71,19.35452
2023-06-09 17:26:00,26487.71,26487.71,26487.7,26487.7,4.77485
2023-06-09 17:27:00,26487.71,26487.71,26482.39,26485.25,18.53848
2023-06-09 17:28:00,26485.24,26485.25,26480.34,26480.35,5.33642
2023-06-09 17:29:00,26480.34,26484.04,26480.34,26484.03,7.79266
2023-06-09 17:30:00,26484.03,26484.04,26472.78,26472.79,15.25057
2023-06-09 17:31:00,26472.78,26485.82,26472.78,26485.81,28.57421
2023-06-09 17:32:00,26485.81,26487.31,26485.81,26487.31,6.07296
2023-06-09 17:33:00,26487.31,26503.31,26487.3,26503.31,45.7061
2023-06-09 17:34:00,26503.31,26503.31,26496.87,26502.16,29.70327
2023-06-09 17:35:00,26502.17,26502.3,26496.87,26502.3,25.61997
2023-06-09 17:36:00,26502.29,26502.3,26497.89,26497.9,5.89271
2023-06-09 17:37:00,26497.89,26503.43,26497.84,26502.92,24.52015
2023-06-09 17:38:00,26502.92,26507.54,26502.91,26507.54,8.8217
2023-06-09 17:39:00,26507.53,26507.54,26507.53,26507.53,8.61624
2023-06-09 17:40:00,26507.53,26509.01,26507.53,26509.01,13.34939
2023-06-09 17:41:00,26509,26515,26509,26515,10.9546
2023-06-09 17:42:00,26515,26515,26505.12,26505.13,23.69536
2023-06-09 17:43:00,26505.12,26505.13,26500.11,26500.11,7.80261
2023-06-09 17:44:00,26500.12,26508.26,26500.1,26508.25,11.9054
2023-06-09 17:45:00,26508.25,26508.26,26507.47,26507.47,5.06345
2023-06-09 17:46:00,26507.47,26507.48,26506.52,26506.52,5.22877
2023-06-09 17:47:00,26506.53,26506.53,26502.63,26502.63,11.10208
2023-06-09 17:48:00,26502.63,26502.64,26491.59,26491.59,24.51338
2023-06-09 17:49:00,26491.59,26491.6,26476.89,26476.9,27.28878
2023-06-09 17:50:00,26476.89,26479.61,26476.89,26479.6,12.94739
2023-06-09 17:51:00,26479.6,26485,26478.72,26485,17.88586
2023-06-09 17:52:00,26484.99,26485,26484.99,26484.99,6.04145
2023-06-09 17:53:00,26485,26485,26484.99,26484.99,5.33868
2023-06-09 17:54:00,26484.99,26493.56,26484.99,26490.7,12.13438
2023-06-09 17:55:00,26490.7,26496.06,26488.87,26496.06,20.24549
2023-06-09 17:56:00,26496.05,26496.06,26486.4,26486.41,12.89139
2023-06-09 17:57:00,26486.4,26486.41,26483.69,26483.69,5.19023
2023-06-09 17:58:00,26483.7,26493.59,26483.69,26493.59,7.85199
2023-06-09 17:59:00,26493.59,26496.06,26493.58,26496.06,4.42557
2023-06-09 18:00:00,26496.05,26496.15,26490.76,26490.77,6.06354
2023-06-09 18:01:00,26490.76,26490.77,26490.36,26490.77,5.70489
2023-06-09 18:02:00,26490.76,26490.77,26490.76,26490.76,4.41565
2023-06-09 18:03:00,26490.76,26490.77,26490.76,26490.77,1.34246
2023-06-09 18:04:00,26490.77,26490.77,26490.76,26490.77,2.52852
2023-06-09 18:05:00,26490.77,26490.77,26490.76,26490.77,1.53265
2023-06-09 18:06:00,26490.76,26490.77,26490.76,26490.77,1.974
2023-06-09 18:07:00,26490.77,26508.29,26490.76,26508.29,30.49254
2023-06-09 18:08:00,26508.26,26514,26508.26,26514,7.75672
2023-06-09 18:09:00,26514,26516.71,26513.99,26516.7,7.25981
2023-06-09 18:10:00,26516.71,26516.71,26513.99,26513.99,10.45097
2023-06-09 18:11:00,26514,26514,26505.25,26505.25,18.41488
2023-06-09 18:12:00,26505.26,26505.26,26501.44,26501.45,5.26307
2023-06-09 18:13:00,26501.44,26501.45,26485.94,26485.95,15.77441
2023-06-09 18:14:00,26485.95,26485.95,26480.81,26480.81,5.47859
2023-06-09 18:15:00,26480.82,26480.82,26471.6,26471.6,12.91634
2023-06-09 18:16:00,26471.6,26471.61,26465.85,26465.85,9.94693
2023-06-09 18:17:00,26465.85,26470.8,26463.26,26469.59,16.67508
2023-06-09 18:18:00,26469.59,26469.84,26466.72,26466.72,7.34145
2023-06-09 18:19:00,26466.73,26466.73,26463,26463,7.0721
2023-06-09 18:20:00,26463.01,26463.01,26450,26452.37,28.59075
2023-06-09 18:21:00,26452.35,26468.54,26450,26468.53,18.97603
2023-06-09 18:22:00,26468.54,26483.71,26468.53,26483.07,10.60345
2023-06-09 18:23:00,26483.07,26483.08,26476.8,26477.05,5.28223
2023-06-09 18:24:00,26477.05,26477.05,26477.04,26477.04,10.84014
2023-06-09 18:25:00,26477.04,26482.34,26477.04,26478.36,14.98362
2023-06-09 18:26:00,26478.36,26483.12,26478.35,26478.57,28.55329
2023-06-09 18:27:00,26478.58,26478.58,26459.79,26459.79,14.72473
2023-06-09 18:28:00,26459.79,26462.9,26450.96,26460.97,41.24808
2023-06-09 18:29:00,26460.98,26461.88,26457.86,26461.88,7.98915
2023-06-09 18:30:00,26461.88,26466.97,26461.87,26466.97,8.59837
2023-06-09 18:31:00,26466.97,26469.11,26466.96,26469.1,7.37937
2023-06-09 18:32:00,26469.11,26471.97,26450.82,26450.82,33.39685
2023-06-09 18:33:00,26450.83,26450.85,26442.9,26442.9,15.63197
2023-06-09 18:34:00,26442.9,26447.93,26442.04,26447.92,12.66525
2023-06-09 18:35:00,26447.93,26452.36,26430.43,26452.35,36.72823
2023-06-09 18:36:00,26452.36,26456.19,26452.35,26456.19,21.18056
2023-06-09 18:37:00,26456.18,26457.51,26451.09,26451.09,15.78786
2023-06-09 18:38:00,26451.09,26451.1,26442.08,26442.09,18.03652
2023-06-09 18:39:00,26442.08,26442.09,26431.11,26431.78,27.68223
2023-06-09 18:40:00,26431.77,26444.79,26431.77,26438.8,40.20651
2023-06-09 18:41:00,26438.79,26438.8,26412.44,26423.87,66.70812
2023-06-09 18:42:00,26423.87,26449.46,26423.87,26449.45,36.34231
2023-06-09 18:43:00,26449.46,26461.35,26449.45,26461.34,21.07656
2023-06-09 18:44:00,26461.34,26471.96,26459.28,26468.66,22.53074
2023-06-09 18:45:00,26468.65,26468.66,26461.48,26461.48,14.14422
2023-06-09 18:46:00,26461.48,26461.49,26455.09,26455.1,6.10774
2023-06-09 18:47:00,26455.09,26455.1,26428.23,26428.24,16.01991
2023-06-09 18:48:00,26428.24,26433.73,26424.64,26424.64,10.06059
2023-06-09 18:49:00,26424.65,26432.09,26424.64,26432.08,7.36603
2023-06-09 18:50:00,26432.08,26439.42,26432.08,26439.41,6.21205
2023-06-09 18:51:00,26439.42,26439.69,26435.35,26436.03,10.12675
2023-06-09 18:52:00,26436.03,26438.38,26436.03,26436.03,8.35165
2023-06-09 18:53:00,26436.04,26436.04,26420,26420.2,24.16719
2023-06-09 18:54:00,26420.2,26438.56,26420.2,26438.55,13.28481
2023-06-09 18:55:00,26438.56,26438.56,26438.55,26438.56,4.10591
2023-06-09 18:56:00,26438.55,26440,26438.55,26440,5.56813
2023-06-09 18:57:00,26439.99,26450,26439.99,26450,21.38509
2023-06-09 18:58:00,26449.99,26454.48,26449.99,26454.42,8.7032
2023-06-09 18:59:00,26454.41,26458.13,26449.99,26450,17.4091
2023-06-09 19:00:00,26450,26457.19,26449.33,26456.29,34.09043
2023-06-09 19:01:00,26456.28,26479.2,26456.28,26476.09,37.02433
2023-06-09 19:02:00,26476.08,26490,26476.08,26484.45,17.932
2023-06-09 19:03:00,26484.44,26484.45,26478.94,26478.95,7.14245
2023-06-09 19:04:00,26478.95,26478.95,26478.93,26478.94,9.07857
2023-06-09 19:05:00,26478.94,26478.94,26476.08,26476.08,6.91072
2023-06-09 19:06:00,26476.08,26476.09,26436.74,26439.61,31.31785
2023-06-09 19:07:00,26439.61,26443.12,26439.6,26443.11,7.55234
2023-06-09 19:08:00,26443.12,26474.88,26443.11,26474.88,19.65416
2023-06-09 19:09:00,26474.88,26474.88,26455.32,26455.33,22.46508
2023-06-09 19:10:00,26455.33,26455.33,26447.99,26452.85,13.11558
2023-06-09 19:11:00,26452.85,26455.32,26442,26442.01,18.86051
2023-06-09 19:12:00,26442,26442.01,26420.55,26431.5,27.17124
2023-06-09 19:13:00,26431.51,26436.45,26398.14,26406.28,63.99864
2023-06-09 19:14:00,26406.28,26436.73,26383.05,26436.73,98.62985
2023-06-09 19:15:00,26436.81,26437.69,26411.34,26411.86,26.7404
2023-06-09 19:16:00,26411.85,26427.36,26411.34,26417.96,16.3247
2023-06-09 19:17:00,26417.97,26422.28,26412.34,26418,19.76805
2023-06-09 19:18:00,26418.01,26426.69,26418,26426.69,14.78715
2023-06-09 19:19:00,26426.69,26436.83,26426.68,26436.82,4.92378
2023-06-09 19:20:00,26436.82,26445.81,26434.14,26445.8,14.50091
2023-06-09 19:21:00,26445.81,26452.21,26445,26445,15.45504
2023-06-09 19:22:00,26445.01,26452.23,26440.26,26452.23,11.23912
2023-06-09 19:23:00,26452.23,26452.23,26446.4,26446.4,13.10285
2023-06-09 19:24:00,26446.41,26446.41,26435.73,26435.73,14.54716
2023-06-09 19:25:00,26435.73,26435.74,26394.36,26394.37,31.43307
2023-06-09 19:26:00,26394.37,26400.08,26387.53,26394.08,21.74172
2023-06-09 19:27:00,26394.09,26394.09,26386.22,26391.47,18.83882
2023-06-09 19:28:00,26391.47,26400,26384.12,26399.99,23.83117
2023-06-09 19:29:00,26400,26420.97,26399.99,26417.62,18.63031
2023-06-09 19:30:00,26417.63,26417.63,26411.32,26417.31,15.83329
2023-06-09 19:31:00,26417.31,26434.06,26417.31,26434.05,15.32877
2023-06-09 19:32:00,26434.06,26436.22,26434.05,26436.22,8.09699
2023-06-09 19:33:00,26436.22,26446.38,26434.27,26442.4,19.12072
2023-06-09 19:34:00,26442.4,26445.97,26442.4,26443.11,8.9556
2023-06-09 19:35:00,26443.11,26443.11,26431.64,26433.99,10.07999
2023-06-09 19:36:00,26433.99,26441.38,26433.99,26441.38,11.94321
2023-06-09 19:37:00,26441.38,26441.4,26401.51,26401.52,39.9379
2023-06-09 19:38:00,26401.51,26409.88,26400.14,26406.75,18.72861
2023-06-09 19:39:00,26406.75,26408.58,26406.75,26408.58,5.7782
2023-06-09 19:40:00,26408.57,26434.03,26408.57,26431.58,22.17547
2023-06-09 19:41:00,26431.58,26436.19,26431.58,26436.19,11.42565
2023-06-09 19:42:00,26436.18,26437,26436.18,26437,6.60715
2023-06-09 19:43:00,26436.99,26437,26432.25,26433.68,13.0162
2023-06-09 19:44:00,26433.69,26433.76,26433.68,26433.76,7.54069
2023-06-09 19:45:00,26433.76,26433.76,26424.3,26424.3,6.24177
2023-06-09 19:46:00,26424.3,26424.31,26411.21,26411.21,8.91218
2023-06-09 19:47:00,26411.21,26418.17,26390,26390,22.45265
2023-06-09 19:48:00,26390,26398.01,26387.03,26398,20.5393
2023-06-09 19:49:00,26398,26398.53,26397.25,26397.25,8.51945
2023-06-09 19:50:00,26397.25,26405.42,26384.61,26404.45,30.14263
2023-06-09 19:51:00,26404.45,26404.45,26398.79,26404.45,11.20014
2023-06-09 19:52:00,26404.45,26411.09,26404.44,26408.73,9.94574
2023-06-09 19:53:00,26408.73,26408.74,26400.56,26400.59,7.64298
2023-06-09 19:54:00,26400.6,26424.7,26400.59,26424.7,18.1372
2023-06-09 19:55:00,26424.7,26430,26410.38,26410.39,14.8135
2023-06-09 19:56:00,26410.38,26410.39,26402.33,26402.33,7.22074
2023-06-09 19:57:00,26402.33,26420,26402.06,26402.06,42.47502
2023-06-09 19:58:00,26402.06,26402.07,26397.9,26397.9,15.48723
2023-06-09 19:59:00,26397.91,26410.47,26397.9,26407.15,46.79939
2023-06-09 20:00:00,26407.15,26415.84,26403.03,26415.84,27.96143
2023-06-09 20:01:00,26415.84,26430,26415.83,26429.99,22.35955
2023-06-09 20:02:00,26430,26430,26426.08,26426.09,9.88447
2023-06-09 20:03:00,26426.09,26430.73,26426.08,26428.47,18.49197
2023-06-09 20:04:00,26428.48,26434.67,26428.47,26434.67,8.89337
2023-06-09 20:05:00,26434.67,26434.67,26432.87,26432.87,11.90551
2023-06-09 20:06:00,26432.87,26432.88,26428.9,26428.91,14.33604
2023-06-09 20:07:00,26428.91,26428.91,26413.73,26413.74,24.73142
2023-06-09 20:08:00,26413.74,26413.8,26397.11,26413.8,33.36117
2023-06-09 20:09:00,26413.79,26413.8,26397.25,26397.77,9.43247
2023-06-09 20:10:00,26397.76,26415.17,26397.76,26415.16,34.58322
2023-06-09 20:11:00,26415.16,26425.65,26415.16,26423.25,20.27625
2023-06-09 20:12:00,26423.25,26440,26423.24,26439.99,18.65549
2023-06-09 20:13:00,26439.99,26451.7,26439.99,26451.69,8.21887
2023-06-09 20:14:00,26451.69,26468.1,26449.73,26449.74,26.54753
2023-06-09 20:15:00,26449.74,26449.74,26443.28,26443.28,4.45421
2023-06-09 20:16:00,26443.29,26443.29,26433.4,26433.4,9.06486
2023-06-09 20:17:00,26433.41,26436.2,26432.37,26432.38,7.9902
2023-06-09 20:18:00,26432.38,26440,26429.52,26440,15.57188
2023-06-09 20:19:00,26439.99,26440,26439.99,26439.99,8.30096
2023-06-09 20:20:00,26439.99,26453.7,26439.99,26448.83,23.6775
2023-06-09 20:21:00,26448.83,26448.84,26445.89,26445.9,6.35362
2023-06-09 20:22:00,26445.9,26457.38,26445.8,26457.37,13.75459
2023-06-09 20:23:00,26457.37,26457.65,26455.99,26457.65,8.21182
2023-06-09 20:24:00,26457.64,26467.97,26457.64,26466.18,19.04015
2023-06-09 20:25:00,26466.18,26466.19,26450,26450,27.92848
2023-06-09 20:26:00,26450,26450.01,26446.39,26446.39,23.73897
2023-06-09 20:27:00,26446.39,26459.36,26444.35,26459.36,19.90806
2023-06-09 20:28:00,26459.35,26462.51,26457.46,26457.47,11.71437
2023-06-09 20:29:00,26457.47,26462.46,26457.46,26462.46,8.69081
2023-06-09 20:30:00,26462.45,26462.46,26457,26457.01,16.01704
2023-06-09 20:31:00,26457,26457.01,26450.03,26450.04,13.49689
2023-06-09 20:32:00,26450.04,26450.04,26450,26450.01,2.52264
2023-06-09 20:33:00,26450,26469.36,26450,26458.92,23.42965
2023-06-09 20:34:00,26458.92,26458.92,26455.77,26455.77,8.05532
2023-06-09 20:35:00,26455.77,26455.78,26452.61,26452.62,9.56626
2023-06-09 20:36:00,26452.61,26452.62,26452.61,26452.61,13.37635
2023-06-09 20:37:00,26452.61,26452.62,26452.61,26452.61,1.5581
2023-06-09 20:38:00,26452.62,26452.62,26452.61,26452.62,3.10503
2023-06-09 20:39:00,26452.61,26470,26452.61,26469.99,19.74278
2023-06-09 20:40:00,26470,26470,26453.72,26453.72,28.50293
2023-06-09 20:41:00,26453.72,26453.73,26453.72,26453.72,6.39522
2023-06-09 20:42:00,26453.73,26453.73,26442.02,26442.02,28.9048
2023-06-09 20:43:00,26442.03,26448.82,26440,26444.8,30.74426
2023-06-09 20:44:00,26444.8,26453.46,26444.79,26449.96,14.04867
2023-06-09 20:45:00,26449.97,26458.84,26449.96,26450.59,10.1557
2023-06-09 20:46:00,26450.59,26450.59,26450.58,26450.58,3.38029
2023-06-09 20:47:00,26450.58,26453.43,26441.36,26441.36,16.77704
2023-06-09 20:48:00,26441.36,26451.31,26441.36,26451.31,10.05023
2023-06-09 20:49:00,26451.3,26451.31,26440.53,26442.52,17.52905
2023-06-09 20:50:00,26442.52,26442.52,26442.51,26442.52,1.63276
2023-06-09 20:51:00,26442.51,26444.67,26442.51,26444.67,2.87599
2023-06-09 20:52:00,26444.67,26453.43,26444.66,26453.42,12.10586
2023-06-09 20:53:00,26453.42,26460.39,26453.42,26460.39,15.06492
2023-06-09 20:54:00,26460.38,26460.39,26460.38,26460.39,1.69199
2023-06-09 20:55:00,26460.38,26460.39,26455.63,26455.64,6.89518
2023-06-09 20:56:00,26455.64,26457.92,26455.64,26457.92,5.18573
2023-06-09 20:57:00,26457.91,26457.92,26452.97,26453.56,11.85051
2023-06-09 20:58:00,26453.56,26456.17,26448.88,26448.89,25.04317
2023-06-09 20:59:00,26448.89,26451.16,26447.25,26451.16,11.51121
2023-06-09 21:00:00,26451.16,26452.93,26451.15,26452.93,5.26703
2023-06-09 21:01:00,26452.93,26452.93,26452.91,26452.92,4.29678
2023-06-09 21:02:00,26452.91,26452.92,26452.91,26452.92,2.44512
2023-06-09 21:03:00,26452.92,26452.92,26452.91,26452.91,3.38298
2023-06-09 21:04:00,26452.91,26463.82,26452.91,26463.81,18.19007
2023-06-09 21:05:00,26463.82,26463.82,26460.95,26460.95,19.04198
2023-06-09 21:06:00,26460.95,26460.96,26454.68,26454.68,16.11724
2023-06-09 21:07:00,26454.69,26454.69,26451.82,26451.82,9.05675
2023-06-09 21:08:00,26451.82,26451.83,26451.82,26451.83,3.6985
2023-06-09 21:09:00,26451.82,26451.83,26451.82,26451.83,4.21135
2023-06-09 21:10:00,26451.83,26451.83,26451.82,26451.82,2.67486
2023-06-09 21:11:00,26451.83,26451.83,26451.82,26451.83,1.45366
2023-06-09 21:12:00,26451.82,26451.83,26451.82,26451.82,2.16191
2023-06-09 21:13:00,26451.83,26451.83,26451.82,26451.83,1.7222
2023-06-09 21:14:00,26451.82,26456.78,26451.82,26456.78,11.4657
2023-06-09 21:15:00,26456.77,26456.78,26454.2,26454.2,8.07054
2023-06-09 21:16:00,26454.2,26454.21,26454.2,26454.21,2.66697
2023-06-09 21:17:00,26454.21,26454.21,26454.2,26454.21,2.27792
2023-06-09 21:18:00,26454.21,26454.21,26454.2,26454.2,2.7701
2023-06-09 21:19:00,26454.2,26454.21,26454.2,26454.21,5.13541
2023-06-09 21:20:00,26454.2,26454.21,26454.2,26454.2,4.5379
2023-06-09 21:21:00,26454.21,26454.21,26454.2,26454.21,5.66502
2023-06-09 21:22:00,26454.2,26454.21,26454.2,26454.21,3.18035
2023-06-09 21:23:00,26454.21,26454.21,26454.2,26454.21,2.91629
2023-06-09 21:24:00,26454.21,26454.21,26454.2,26454.2,4.60908
2023-06-09 21:25:00,26454.21,26460.46,26454.2,26460.46,12.91342
2023-06-09 21:26:00,26460.45,26460.46,26460.45,26460.46,2.27627
2023-06-09 21:27:00,26460.46,26465.65,26451.82,26451.83,22.68503
2023-06-09 21:28:00,26451.82,26451.83,26449.76,26449.76,2.80546
2023-06-09 21:29:00,26449.76,26449.77,26449.76,26449.76,2.49979
2023-06-09 21:30:00,26449.76,26449.77,26449.76,26449.76,2.5808
2023-06-09 21:31:00,26449.77,26449.77,26447.33,26447.34,5.21784
2023-06-09 21:32:00,26447.34,26447.34,26447.33,26447.34,2.43979
2023-06-09 21:33:00,26447.33,26447.34,26447.33,26447.33,3.55967
2023-06-09 21:34:00,26447.34,26447.34,26447.33,26447.33,2.30305
2023-06-09 21:35:00,26447.33,26450.41,26445.75,26450.41,13.67756
2023-06-09 21:36:00,26450.4,26450.41,26450.4,26450.41,4.71277
2023-06-09 21:37:00,26450.4,26450.41,26450.4,26450.4,3.49129
2023-06-09 21:38:00,26450.41,26450.41,26450.4,26450.4,1.81443
2023-06-09 21:39:00,26450.41,26472.88,26450.4,26468.35,93.71021
2023-06-09 21:40:00,26468.34,26481,26468.34,26469.86,27.20811
2023-06-09 21:41:00,26469.86,26478.27,26469.85,26478.27,6.39077
2023-06-09 21:42:00,26478.27,26499.5,26478.26,26499.5,41.59334
2023-06-09 21:43:00,26499.49,26499.5,26495.66,26495.66,7.12978
2023-06-09 21:44:00,26495.67,26495.67,26494.8,26494.8,7.46674
2023-06-09 21:45:00,26494.81,26494.81,26487.2,26487.2,23.15408
2023-06-09 21:46:00,26487.2,26487.21,26486.66,26486.66,8.10127
2023-06-09 21:47:00,26486.67,26486.67,26486.47,26486.48,4.2625
2023-06-09 21:48:00,26486.47,26486.48,26485,26485,11.49019
2023-06-09 21:49:00,26485.01,26485.01,26485,26485.01,4.46459
2023-06-09 21:50:00,26485,26485.01,26485,26485,6.44706
2023-06-09 21:51:00,26485.01,26485.01,26480,26480,22.21284
2023-06-09 21:52:00,26480,26480.01,26479.72,26479.73,5.15485
2023-06-09 21:53:00,26479.72,26479.73,26479.72,26479.73,2.99595
2023-06-09 21:54:00,26479.72,26479.73,26479.72,26479.73,1.86416
2023-06-09 21:55:00,26479.73,26479.73,26479.55,26479.55,2.89371
2023-06-09 21:56:00,26479.56,26479.56,26479.5,26479.5,2.14972
2023-06-09 21:57:00,26479.51,26479.52,26479.5,26479.51,15.1334
2023-06-09 21:58:00,26479.52,26479.52,26479.51,26479.51,8.30742
2023-06-09 21:59:00,26479.52,26479.52,26479.51,26479.52,2.24043
2023-06-09 22:00:00,26479.51,26479.52,26479.51,26479.51,3.55387
2023-06-09 22:01:00,26479.52,26493.45,26479.51,26491.64,17.4433
2023-06-09 22:02:00,26491.65,26499.39,26481.68,26491.79,45.89547
2023-06-09 22:03:00,26491.8,26499.5,26491.79,26499.5,13.75399
2023-06-09 22:04:00,26499.5,26499.5,26499.49,26499.5,5.05648
2023-06-09 22:05:00,26499.5,26499.5,26491.6,26491.6,19.93996
2023-06-09 22:06:00,26491.6,26491.61,26491.6,26491.61,1.91468
2023-06-09 22:07:00,26491.6,26491.61,26491.6,26491.61,4.9188
2023-06-09 22:08:00,26491.6,26500,26491.6,26497.59,9.81636
2023-06-09 22:09:00,26497.59,26497.59,26497.19,26497.2,7.55645
2023-06-09 22:10:00,26497.19,26497.2,26485.3,26485.31,27.26722
2023-06-09 22:11:00,26485.3,26485.31,26483.33,26483.34,5.5733
2023-06-09 22:12:00,26483.33,26483.34,26483.33,26483.34,3.8589
2023-06-09 22:13:00,26483.34,26483.34,26483.33,26483.33,1.90302
2023-06-09 22:14:00,26483.34,26492.12,26483.33,26490.8,13.95749
2023-06-09 22:15:00,26490.8,26490.81,26482.95,26482.96,6.59596
2023-06-09 22:16:00,26482.95,26482.96,26479.95,26479.96,4.97854
2023-06-09 22:17:00,26479.95,26479.96,26474.14,26474.15,5.09381
2023-06-09 22:18:00,26474.15,26475.84,26473.98,26473.98,12.87695
2023-06-09 22:19:00,26473.99,26473.99,26468.37,26468.37,4.30961
2023-06-09 22:20:00,26468.38,26468.38,26468.37,26468.37,9.89477
2023-06-09 22:21:00,26468.37,26468.39,26468.37,26468.39,4.45301
2023-06-09 22:22:00,26468.39,26468.39,26468.38,26468.39,3.08537
2023-06-09 22:23:00,26468.39,26469.78,26468.38,26469.77,5.51331
2023-06-09 22:24:00,26469.78,26469.78,26469.77,26469.77,2.79429
2023-06-09 22:25:00,26469.78,26469.78,26466.1,26466.1,7.26937
2023-06-09 22:26:00,26466.11,26472.2,26466.1,26471.96,12.1616
2023-06-09 22:27:00,26471.97,26471.97,26471.96,26471.96,1.75369
2023-06-09 22:28:00,26471.96,26471.97,26469.1,26469.11,4.17282
2023-06-09 22:29:00,26469.1,26469.11,26469.1,26469.1,1.41831
2023-06-09 22:30:00,26469.1,26469.11,26465.46,26465.47,2.90873
2023-06-09 22:31:00,26465.47,26476.28,26464.14,26476.27,18.75032
2023-06-09 22:32:00,26476.27,26476.28,26476.27,26476.27,3.61091
2023-06-09 22:33:00,26476.28,26476.28,26471.17,26471.18,13.21589
2023-06-09 22:34:00,26471.17,26471.18,26464.2,26464.2,7.45069
2023-06-09 22:35:00,26464.2,26466.81,26463.99,26464,16.87238
2023-06-09 22:36:00,26464,26464,26460.81,26460.81,7.94062
2023-06-09 22:37:00,26460.82,26460.82,26460.81,26460.82,4.3915
2023-06-09 22:38:00,26460.81,26460.82,26460.81,26460.82,3.85319
2023-06-09 22:39:00,26460.82,26470,26458.72,26470,13.1107
2023-06-09 22:40:00,26470,26470,26466.98,26466.98,3.6456
2023-06-09 22:41:00,26466.98,26466.99,26466.98,26466.98,2.06156
2023-06-09 22:42:00,26466.98,26466.99,26458.59,26458.59,7.1586
2023-06-09 22:43:00,26458.59,26458.6,26458.07,26458.07,4.59074
2023-06-09 22:44:00,26458.08,26458.08,26458.07,26458.07,1.11613
2023-06-09 22:45:00,26458.07,26471.74,26458.07,26471.73,8.86568
2023-06-09 22:46:00,26471.73,26476.28,26471.73,26476.27,3.37638
2023-06-09 22:47:00,26476.27,26476.28,26473.91,26473.92,5.5415
2023-06-09 22:48:00,26473.93,26473.95,26473.92,26473.95,3.88367
2023-06-09 22:49:00,26473.95,26479.15,26473.94,26479.13,5.4337
2023-06-09 22:50:00,26479.12,26479.13,26477.42,26477.42,5.98846
2023-06-09 22:51:00,26477.41,26477.42,26476.26,26476.26,3.28447
2023-06-09 22:52:00,26476.26,26477.42,26476.26,26477.42,6.21117
2023-06-09 22:53:00,26477.41,26477.42,26477.41,26477.41,1.19447
2023-06-09 22:54:00,26477.41,26477.42,26470.45,26473.07,8.64923
2023-06-09 22:55:00,26473.07,26474.94,26473.07,26474.93,6.40629
2023-06-09 22:56:00,26474.93,26490,26474.93,26489.99,19.05977
2023-06-09 22:57:00,26489.99,26493.29,26489.99,26492.68,10.32701
2023-06-09 22:58:00,26492.68,26492.69,26492.68,26492.69,2.41084
2023-06-09 22:59:00,26492.68,26492.69,26492.68,26492.69,2.73584
2023-06-09 23:00:00,26492.69,26498.17,26492.68,26493.52,30.91201
2023-06-09 23:01:00,26493.51,26493.53,26493.51,26493.53,4.57754
2023-06-09 23:02:00,26493.53,26497.98,26493.52,26497.05,4.35343
2023-06-09 23:03:00,26497.05,26497.05,26493.74,26493.74,4.93652
2023-06-09 23:04:00,26493.74,26493.75,26488,26488,8.0389
2023-06-09 23:05:00,26488.01,26488.01,26486.84,26486.85,2.6794
2023-06-09 23:06:00,26486.85,26486.85,26486.84,26486.85,1.81515
2023-06-09 23:07:00,26486.85,26486.85,26486.84,26486.85,3.73313
2023-06-09 23:08:00,26486.85,26486.85,26486.84,26486.85,12.135
2023-06-09 23:09:00,26486.85,26486.85,26486.84,26486.84,44.09141
2023-06-09 23:10:00,26486.85,26486.85,26486.84,26486.84,1.91592
2023-06-09 23:11:00,26486.84,26486.85,26486.1,26486.11,6.55253
2023-06-09 23:12:00,26486.11,26486.11,26485.17,26485.18,6.16625
2023-06-09 23:13:00,26485.17,26485.18,26485.11,26485.12,1.52614
2023-06-09 23:14:00,26485.11,26485.12,26485,26485,4.49269
2023-06-09 23:15:00,26485,26485.01,26474.7,26474.71,8.15604
2023-06-09 23:16:00,26474.7,26474.71,26460.78,26460.78,19.84019
2023-06-09 23:17:00,26460.78,26466.6,26460.04,26461.61,14.80568
2023-06-09 23:18:00,26461.6,26465.01,26461.34,26464.74,17.77828
2023-06-09 23:19:00,26464.75,26464.75,26457.66,26457.67,8.8447
2023-06-09 23:20:00,26457.66,26460.53,26454.55,26460.38,27.89738
2023-06-09 23:21:00,26460.38,26460.39,26460.19,26460.19,10.921
2023-06-09 23:22:00,26460.19,26460.2,26460.19,26460.19,3.80732
2023-06-09 23:23:00,26460.2,26460.2,26460.19,26460.19,1.91902
2023-06-09 23:24:00,26460.19,26460.2,26460.19,26460.19,2.15331
2023-06-09 23:25:00,26460.19,26465.77,26460.19,26465.76,4.5624
2023-06-09 23:26:00,26465.76,26467.09,26465.76,26467.09,9.96543
2023-06-09 23:27:00,26467.09,26467.09,26467.08,26467.09,3.68588
2023-06-09 23:28:00,26467.08,26467.09,26467.08,26467.09,4.19001
2023-06-09 23:29:00,26467.08,26467.09,26467.08,26467.08,3.79419
2023-06-09 23:30:00,26467.09,26467.09,26467.08,26467.09,1.96995
2023-06-09 23:31:00,26467.08,26467.09,26467.08,26467.08,3.36761
2023-06-09 23:32:00,26467.09,26467.09,26467.08,26467.08,4.60618
2023-06-09 23:33:00,26467.08,26467.09,26456.58,26456.58,17.76813
2023-06-09 23:34:00,26456.59,26463.77,26456.58,26463.77,5.29228
2023-06-09 23:35:00,26463.77,26463.77,26455.39,26455.4,27.03595
2023-06-09 23:36:00,26455.39,26455.4,26454.6,26454.61,8.24595
2023-06-09 23:37:00,26454.6,26454.61,26450,26450.01,30.2139
2023-06-09 23:38:00,26450,26450.01,26450,26450,3.6748
2023-06-09 23:39:00,26450.01,26450.01,26450,26450,4.00807
2023-06-09 23:40:00,26450.01,26454.95,26450,26454.94,9.78127
2023-06-09 23:41:00,26454.94,26454.95,26452.78,26452.79,10.45337
2023-06-09 23:42:00,26452.79,26452.79,26449.78,26449.79,11.94443
2023-06-09 23:43:00,26449.79,26454.95,26449.78,26454.95,10.28182
2023-06-09 23:44:00,26454.95,26459.04,26454.94,26456.72,9.32814
2023-06-09 23:45:00,26456.71,26456.72,26454.94,26454.94,9.24317
2023-06-09 23:46:00,26454.94,26459.89,26454.94,26459.89,6.06536
2023-06-09 23:47:00,26459.89,26468.16,26459.88,26468.14,23.79196
2023-06-09 23:48:00,26468.14,26468.15,26467.77,26467.77,13.33949
2023-06-09 23:49:00,26467.78,26467.78,26467.77,26467.77,2.4236
2023-06-09 23:50:00,26467.77,26474.71,26467.77,26474.7,10.70601
2023-06-09 23:51:00,26474.7,26477.4,26474.7,26477.4,14.43916
2023-06-09 23:52:00,26477.4,26485.02,26477.39,26485.02,8.90966
2023-06-09 23:53:00,26485.02,26485.39,26483.9,26485.31,13.44529
2023-06-09 23:54:00,26485.32,26485.32,26485.31,26485.32,11.72402
2023-06-09 23:55:00,26485.32,26485.32,26485.31,26485.32,5.24337
2023-06-09 23:56:00,26485.32,26485.32,26477.75,26477.75,12.447
2023-06-09 23:57:00,26477.76,26477.76,26477.75,26477.76,3.55295
2023-06-09 23:58:00,26477.75,26477.76,26477.75,26477.75,5.33858
2023-06-09 23:59:00,26477.75,26477.81,26477.75,26477.81,2.71885
2023-06-10 00:00:00,26477.8,26481.66,26477.8,26481.27,16.49786
2023-06-10 00:01:00,26481.27,26481.28,26477.84,26477.85,10.68747
2023-06-10 00:02:00,26477.84,26481.48,26477.84,26481.48,9.21675
2023-06-10 00:03:00,26481.47,26481.48,26481.47,26481.47,2.22928
2023-06-10 00:04:00,26481.47,26481.48,26481.47,26481.48,3.05134
2023-06-10 00:05:00,26481.47,26481.48,26475.51,26475.52,7.10457
2023-06-10 00:06:00,26475.51,26475.52,26475.51,26475.51,2.47214
2023-06-10 00:07:00,26475.51,26475.52,26475.37,26475.37,5.91806
2023-06-10 00:08:00,26475.37,26478.66,26475.37,26478.66,11.16508
2023-06-10 00:09:00,26478.65,26478.66,26474.1,26474.1,4.36686
2023-06-10 00:10:00,26474.1,26474.11,26474.08,26474.08,7.33799
2023-06-10 00:11:00,26474.08,26474.09,26474.08,26474.08,4.03974
2023-06-10 00:12:00,26474.08,26474.09,26474.08,26474.09,5.14914
2023-06-10 00:13:00,26474.08,26476.21,26474.08,26476.21,8.84868
2023-06-10 00:14:00,26476.21,26476.21,26476.2,26476.2,1.38255
2023-06-10 00:15:00,26476.2,26476.21,26476.2,26476.21,4.90618
2023-06-10 00:16:00,26476.2,26485.39,26469.35,26469.35,89.9088
2023-06-10 00:17:00,26469.36,26477.03,26468.68,26477.02,11.01745
2023-06-10 00:18:00,26477.02,26487.26,26477.02,26478.72,53.18721
2023-06-10 00:19:00,26478.73,26478.73,26472.01,26472.01,12.67786
2023-06-10 00:20:00,26472.02,26472.02,26470.81,26470.82,6.41551
2023-06-10 00:21:00,26470.82,26470.83,26464.15,26464.15,12.86345
2023-06-10 00:22:00,26464.16,26464.16,26460.68,26460.69,5.51392
2023-06-10 00:23:00,26460.69,26468.1,26460.68,26468.09,4.53327
2023-06-10 00:24:00,26468.09,26475.74,26468.09,26474.61,5.55961
2023-06-10 00:25:00,26474.61,26480.81,26474.6,26480.78,11.12258
2023-06-10 00:26:00,26480.78,26480.79,26480.76,26480.77,4.48935
2023-06-10 00:27:00,26480.77,26480.77,26477.28,26477.3,5.67399
2023-06-10 00:28:00,26477.31,26477.31,26472.47,26472.48,4.2006
2023-06-10 00:29:00,26472.48,26472.48,26471.24,26471.24,4.35213
2023-06-10 00:30:00,26471.24,26471.25,26471.24,26471.24,2.56486
2023-06-10 00:31:00,26471.25,26478.07,26471.24,26478.07,3.86688
2023-06-10 00:32:00,26478.07,26478.07,26478.06,26478.06,1.38646
2023-06-10 00:33:00,26478.07,26478.07,26478.06,26478.06,4.96033
2023-06-10 00:34:00,26478.06,26486.89,26478.06,26482.12,37.62356
2023-06-10 00:35:00,26482.13,26482.13,26475.77,26475.77,3.84521
2023-06-10 00:36:00,26475.77,26475.78,26471.99,26472,3.08449
2023-06-10 00:37:00,26471.99,26472,26470,26470.01,6.82377
2023-06-10 00:38:00,26470.01,26470.01,26460.55,26460.56,8.87894
2023-06-10 00:39:00,26460.56,26460.56,26455.3,26455.31,7.97025
2023-06-10 00:40:00,26455.31,26461.43,26455.3,26461.42,7.19578
2023-06-10 00:41:00,26461.43,26469.9,26461.42,26469.9,7.90058
2023-06-10 00:42:00,26469.89,26477.1,26469.89,26477.1,4.54639
2023-06-10 00:43:00,26477.09,26477.1,26475.2,26475.21,7.11568
2023-06-10 00:44:00,26475.2,26480,26475.2,26479.99,4.43885
2023-06-10 00:45:00,26480,26484.14,26479.4,26479.4,14.91963
2023-06-10 00:46:00,26479.4,26479.41,26476.58,26476.58,2.44339
2023-06-10 00:47:00,26476.59,26476.59,26476.58,26476.59,23.7775
2023-06-10 00:48:00,26476.58,26476.59,26476.58,26476.58,5.00046
2023-06-10 00:49:00,26476.59,26476.59,26476.58,26476.59,4.62819
2023-06-10 00:50:00,26476.59,26476.59,26476.58,26476.58,5.36548
2023-06-10 00:51:00,26476.58,26476.59,26450,26450,101.95332
2023-06-10 00:52:00,26450,26457.82,26450,26454.65,14.23217
2023-06-10 00:53:00,26454.66,26454.66,26450.24,26454.64,9.70832
2023-06-10 00:54:00,26454.64,26454.65,26453.17,26453.17,3.26745
2023-06-10 00:55:00,26453.17,26454.65,26453.17,26454.65,3.80806
2023-06-10 00:56:00,26454.65,26457.14,26454.64,26457.14,6.15037
2023-06-10 00:57:00,26457.13,26460,26457.13,26459.99,15.63873
2023-06-10 00:58:00,26460,26460,26459.99,26460,4.29084
2023-06-10 00:59:00,26459.99,26460,26459.99,26459.99,2.02423
2023-06-10 01:00:00,26459.99,26460,26421.41,26421.41,82.61838
2023-06-10 01:01:00,26421.41,26421.42,26400,26419.66,70.2189
2023-06-10 01:02:00,26419.66,26426.54,26417.74,26426.54,29.98247
2023-06-10 01:03:00,26426.53,26434.12,26426.53,26434.12,10.66166
2023-06-10 01:04:00,26434.12,26434.12,26424,26424,11.95714
2023-06-10 01:05:00,26424,26428.57,26417.84,26428.56,28.8897
2023-06-10 01:06:00,26428.57,26449.68,26428.56,26449.68,17.54767
2023-06-10 01:07:00,26449.67,26460,26449.67,26457.73,21.25806
2023-06-10 01:08:00,26457.72,26459.03,26456.35,26458.83,19.60794
2023-06-10 01:09:00,26458.83,26478,26458.83,26476.66,20.63172
2023-06-10 01:10:00,26476.66,26489.84,26476.65,26488.64,27.2989
2023-06-10 01:11:00,26488.64,26533.87,26488.63,26532.94,86.02577
2023-06-10 01:12:00,26532.93,26532.94,26510.86,26522.25,25.39232
2023-06-10 01:13:00,26522.25,26522.25,26502.01,26502.01,32.34572
2023-06-10 01:14:00,26502.02,26506.14,26500.53,26503.39,10.16264
2023-06-10 01:15:00,26503.4,26503.4,26484.51,26486.25,17.95468
2023-06-10 01:16:00,26486.25,26487.17,26474.03,26474.03,16.36819
2023-06-10 01:17:00,26474.03,26474.04,26468.2,26468.2,12.44088
2023-06-10 01:18:00,26468.2,26476.44,26468.2,26476.44,13.38499
2023-06-10 01:19:00,26476.44,26480.67,26472.17,26472.17,11.30662
2023-06-10 01:20:00,26472.18,26476.34,26466.12,26466.12,19.67853
2023-06-10 01:21:00,26466.12,26466.13,26466.12,26466.13,1.86613
2023-06-10 01:22:00,26466.12,26466.13,26456.26,26459.2,12.13143
2023-06-10 01:23:00,26459.2,26460.07,26454.62,26460,27.17025
2023-06-10 01:24:00,26460.01,26460.01,26453.65,26453.66,17.69599
2023-06-10 01:25:00,26453.66,26453.66,26446.83,26446.83,13.99178
2023-06-10 01:26:00,26446.83,26461.87,26446.83,26461.86,23.62949
2023-06-10 01:27:00,26461.87,26461.87,26457.05,26457.06,4.25649
2023-06-10 01:28:00,26457.05,26459.92,26457.05,26459.91,6.17224
2023-06-10 01:29:00,26459.92,26480.75,26459.91,26480.74,10.6646
2023-06-10 01:30:00,26480.75,26496.1,26480.74,26486.11,16.25835
2023-06-10 01:31:00,26486.12,26486.12,26470,26470.01,8.84784
2023-06-10 01:32:00,26470,26470.01,26462.23,26462.23,7.42722
2023-06-10 01:33:00,26462.24,26462.24,26456.12,26456.12,7.27783
2023-06-10 01:34:00,26456.12,26456.13,26452.38,26452.39,5.9108
2023-06-10 01:35:00,26452.38,26457.22,26452.38,26455.9,6.9566
2023-06-10 01:36:00,26455.9,26464.85,26455.89,26464.84,6.55189
2023-06-10 01:37:00,26464.85,26471.14,26464.84,26471.13,6.35241
2023-06-10 01:38:00,26471.13,26471.14,26457.1,26457.1,14.94374
2023-06-10 01:39:00,26457.11,26457.11,26457.1,26457.1,1.22014
2023-06-10 01:40:00,26457.11,26460.11,26455.99,26455.99,5.79096
2023-06-10 01:41:00,26455.99,26461.79,26452.03,26461.78,8.88565
2023-06-10 01:42:00,26461.78,26461.79,26455.73,26455.73,6.60909
2023-06-10 01:43:00,26455.73,26455.74,26447.44,26447.71,10.47364
2023-06-10 01:44:00,26447.71,26447.72,26432.17,26439.78,31.34518
2023-06-10 01:45:00,26439.79,26445.64,26436.38,26436.39,14.3609
2023-06-10 01:46:00,26436.38,26448.18,26436.38,26437.76,21.1957
2023-06-10 01:47:00,26437.77,26437.77,26427.17,26429.86,9.35504
2023-06-10 01:48:00,26429.87,26432.87,26413.49,26413.49,15.26421
2023-06-10 01:49:00,26413.49,26419.75,26374.18,26374.42,123.80682
2023-06-10 01:50:00,26374.42,26397.93,26311.31,26397.34,231.01925
2023-06-10 01:51:00,26397.34,26408.45,26391.66,26406.75,62.76392
2023-06-10 01:52:00,26406.74,26442.51,26406.74,26442.51,45.04016
2023-06-10 01:53:00,26442.51,26462.66,26433.32,26444.97,49.80266
2023-06-10 01:54:00,26444.97,26446.18,26428.05,26442.93,22.96631
2023-06-10 01:55:00,26442.92,26442.93,26424.39,26428.66,22.2807
2023-06-10 01:56:00,26428.66,26428.67,26413.84,26422.48,18.80544
2023-06-10 01:57:00,26422.47,26422.48,26402.56,26405.51,21.51248
2023-06-10 01:58:00,26405.51,26415.39,26405.5,26405.51,22.46511
2023-06-10 01:59:00,26405.51,26407.72,26391.39,26396.93,19.02817
2023-06-10 02:00:00,26396.94,26416.59,26386.9,26416.58,37.72611
2023-06-10 02:01:00,26416.58,26416.59,26395.43,26396.97,43.91745
2023-06-10 02:02:00,26396.96,26413.44,26396.96,26413.42,27.64051
2023-06-10 02:03:00,26413.43,26413.43,26410,26410,6.35871
2023-06-10 02:04:00,26410,26416.69,26410,26416.69,13.82948
2023-06-10 02:05:00,26416.68,26416.69,26391.21,26391.22,26.0337
2023-06-10 02:06:00,26391.22,26398.31,26384.16,26398.29,27.20725
2023-06-10 02:07:00,26398.29,26398.29,26385.43,26385.43,17.22211
2023-06-10 02:08:00,26385.43,26401.15,26381.11,26401.15,24.66192
2023-06-10 02:09:00,26401.14,26401.15,26398.29,26398.29,7.30035
2023-06-10 02:10:00,26398.3,26398.3,26393.99,26397.01,8.08929
2023-06-10 02:11:00,26397,26417.93,26397,26417.92,12.83138
2023-06-10 02:12:00,26417.92,26422.46,26417.92,26422.46,4.66659
2023-06-10 02:13:00,26422.46,26427.16,26419.23,26427.15,14.37018
2023-06-10 02:14:00,26427.16,26435.17,26427.15,26435.17,3.11674
2023-06-10 02:15:00,26435.16,26437.08,26425.74,26425.74,9.1243
2023-06-10 02:16:00,26425.74,26425.75,26414.2,26414.21,6.77233
2023-06-10 02:17:00,26414.21,26415.75,26414.2,26414.2,6.53963
2023-06-10 02:18:00,26414.21,26414.21,26394,26394.02,15.48269
2023-06-10 02:19:00,26394.01,26394.02,26391.39,26391.4,5.14147
2023-06-10 02:20:00,26391.39,26392.13,26391.39,26392.13,10.58728
2023-06-10 02:21:00,26392.13,26404.87,26392.12,26404.87,8.60199
2023-06-10 02:22:00,26404.87,26425,26404.86,26424.99,4.15149
2023-06-10 02:23:00,26425,26425,26411.13,26420.86,29.5472
2023-06-10 02:24:00,26420.86,26424.99,26420,26420.01,12.0032
2023-06-10 02:25:00,26420,26424.98,26420,26424.98,5.26763
2023-06-10 02:26:00,26424.98,26424.98,26421.71,26421.78,11.95467
2023-06-10 02:27:00,26421.79,26422.16,26415.53,26417.73,24.50478
2023-06-10 02:28:00,26417.74,26427.18,26416.29,26427.17,14.65427
2023-06-10 02:29:00,26427.18,26433.18,26427.17,26427.9,6.12919
2023-06-10 02:30:00,26427.9,26427.91,26410,26410.01,11.18595
2023-06-10 02:31:00,26410,26410.01,26402.93,26402.94,4.92752
2023-06-10 02:32:00,26402.94,26402.94,26392.13,26392.13,23.36844
2023-06-10 02:33:00,26392.13,26400.58,26392.13,26395.05,10.08763
2023-06-10 02:34:00,26395.05,26395.06,26381.97,26381.97,18.56545
2023-06-10 02:35:00,26381.97,26384.98,26381.97,26384.96,9.90835
2023-06-10 02:36:00,26384.96,26400,26384.96,26400,12.85101
2023-06-10 02:37:00,26400,26407.15,26387.69,26387.7,16.10165
2023-06-10 02:38:00,26387.7,26413.97,26387.69,26405.69,23.24914
2023-06-10 02:39:00,26405.68,26405.69,26398.71,26405.67,18.89952
2023-06-10 02:40:00,26405.68,26405.68,26384.99,26384.99,9.44019
2023-06-10 02:41:00,26384.99,26390.87,26376.28,26380.61,22.89652
2023-06-10 02:42:00,26380.61,26380.62,26364.11,26364.11,51.29721
2023-06-10 02:43:00,26364.12,26366.65,26341.08,26352.69,71.34581
2023-06-10 02:44:00,26352.56,26367.89,26296.01,26351.99,190.14707
2023-06-10 02:45:00,26351.99,26379.24,26343.31,26374.01,46.12077
2023-06-10 02:46:00,26374.01,26383.29,26345.78,26368.38,52.072
2023-06-10 02:47:00,26368.38,26391.91,26363.57,26391.91,49.85893
2023-06-10 02:48:00,26391.9,26396.18,26384.55,26389.53,31.83336
2023-06-10 02:49:00,26389.52,26389.53,26384.65,26389.52,10.84261
2023-06-10 02:50:00,26389.53,26389.53,26371.62,26371.63,14.86919
2023-06-10 02:51:00,26371.62,26384.14,26367.17,26384.14,22.98363
2023-06-10 02:52:00,26384.13,26387.46,26373.04,26376.44,24.03524
2023-06-10 02:53:00,26376.43,26376.44,26367.48,26373.16,9.69117
2023-06-10 02:54:00,26373.16,26373.16,26360.62,26364.37,13.98564
2023-06-10 02:55:00,26364.36,26373.03,26360.9,26373.02,24.69708
2023-06-10 02:56:00,26373.03,26386.11,26361.58,26361.58,28.72224
2023-06-10 02:57:00,26361.58,26365.55,26280,26317.63,190.31443
2023-06-10 02:58:00,26317.64,26341.08,26299.93,26321.71,68.12447
2023-06-10 02:59:00,26321.71,26329.81,26313.77,26326.92,26.49308
2023-06-10 03:00:00,26326.93,26329.81,26307.81,26318.14,59.1948
2023-06-10 03:01:00,26318.14,26346.04,26317.55,26342.79,35.55449
2023-06-10 03:02:00,26342.78,26358.31,26340.01,26343.74,43.62103
2023-06-10 03:03:00,26343.75,26354.35,26343.74,26354.34,18.05051
2023-06-10 03:04:00,26354.34,26358.01,26352.14,26354.57,16.54636
2023-06-10 03:05:00,26354.56,26354.57,26349.62,26349.62,6.05143
2023-06-10 03:06:00,26349.63,26349.94,26344.25,26347.67,31.19379
2023-06-10 03:07:00,26347.68,26359.53,26347.67,26359.53,20.13478
2023-06-10 03:08:00,26359.53,26364.67,26357.54,26357.55,15.80039
2023-06-10 03:09:00,26357.54,26358.5,26353.47,26353.48,13.5691
2023-06-10 03:10:00,26353.47,26353.48,26342.4,26342.41,20.80649
2023-06-10 03:11:00,26342.41,26342.41,26331.69,26336.41,15.95483
2023-06-10 03:12:00,26336.42,26341.36,26327.54,26327.54,26.86159
2023-06-10 03:13:00,26327.54,26335.44,26326,26335.44,18.93056
2023-06-10 03:14:00,26335.44,26335.44,26327.93,26329.32,10.67554
2023-06-10 03:15:00,26329.32,26329.32,26320.48,26325.31,26.16795
2023-06-10 03:16:00,26325.31,26348.56,26325.3,26348.55,11.37326
2023-06-10 03:17:00,26348.55,26351.17,26348.55,26351.16,6.92675
2023-06-10 03:18:00,26351.17,26351.17,26345.11,26349.08,7.97358
2023-06-10 03:19:00,26349.07,26362.14,26349.07,26358.01,17.93163
2023-06-10 03:20:00,26358.01,26358.02,26351.73,26351.74,12.64547
2023-06-10 03:21:00,26351.73,26351.74,26349.09,26349.09,21.14687
2023-06-10 03:22:00,26349.1,26349.1,26337.47,26337.47,11.10478
2023-06-10 03:23:00,26337.47,26344.94,26323.84,26325.7,24.78388
2023-06-10 03:24:00,26325.69,26325.7,26317.36,26319.99,15.83637
2023-06-10 03:25:00,26319.99,26331.45,26313.92,26331.44,17.76919
2023-06-10 03:26:00,26331.45,26348.76,26331.44,26348.54,22.24313
2023-06-10 03:27:00,26348.55,26355.77,26345.68,26346.9,18.64497
2023-06-10 03:28:00,26346.89,26346.9,26326.61,26326.61,10.13845
2023-06-10 03:29:00,26326.62,26331.45,26326.61,26328.41,25.00569
2023-06-10 03:30:00,26328.41,26352.91,26328.41,26352.22,17.96333
2023-06-10 03:31:00,26352.22,26352.23,26350.13,26350.13,4.46377
2023-06-10 03:32:00,26350.14,26350.2,26341.63,26341.63,14.64717
2023-06-10 03:33:00,26341.64,26341.64,26331.15,26331.16,16.66015
2023-06-10 03:34:00,26331.16,26348.91,26329.36,26345.38,17.471
2023-06-10 03:35:00,26345.38,26354.23,26342.74,26342.75,11.71663
2023-06-10 03:36:00,26342.76,26342.76,26316.45,26316.46,9.22455
2023-06-10 03:37:00,26316.45,26332.82,26313.52,26313.67,25.00748
2023-06-10 03:38:00,26313.67,26313.67,26300,26302.86,40.53884
2023-06-10 03:39:00,26302.85,26317.39,26266,26317.39,124.53207
2023-06-10 03:40:00,26317.38,26327.96,26317.38,26327.95,27.28419
2023-06-10 03:41:00,26327.95,26339.82,26324.68,26339.82,14.98508
2023-06-10 03:42:00,26339.81,26349.34,26339.81,26345.69,18.44545
2023-06-10 03:43:00,26345.69,26355,26345.68,26354.99,25.58565
2023-06-10 03:44:00,26355,26356.24,26350.33,26350.86,15.43359
2023-06-10 03:45:00,26350.86,26350.87,26332.19,26332.2,19.07543
2023-06-10 03:46:00,26332.19,26342.86,26331.67,26341.3,21.71563
2023-06-10 03:47:00,26341.3,26346.4,26335.18,26335.18,12.89064
2023-06-10 03:48:00,26335.19,26357.83,26333.68,26355,16.02654
2023-06-10 03:49:00,26354.99,26365.74,26354.99,26360.25,22.70533
2023-06-10 03:50:00,26360.24,26360.25,26340,26340.01,14.13333
2023-06-10 03:51:00,26340,26340.01,26336.46,26336.46,12.79442
2023-06-10 03:52:00,26336.47,26347.98,26327.39,26327.93,38.97521
2023-06-10 03:53:00,26327.94,26331.34,26327.56,26327.57,9.87104
2023-06-10 03:54:00,26327.56,26328.89,26327.56,26328.89,7.87098
2023-06-10 03:55:00,26328.89,26328.89,26323.08,26326.28,19.13387
2023-06-10 03:56:00,26326.29,26327.16,26310,26312.57,31.89018
2023-06-10 03:57:00,26312.57,26324.41,26312.56,26317.77,20.7154
2023-06-10 03:58:00,26317.76,26328.84,26317.76,26328.84,10.06482
2023-06-10 03:59:00,26328.83,26328.89,26323.07,26323.07,9.72209
2023-06-10 04:00:00,26323.07,26323.08,26305.15,26315.26,67.05505
2023-06-10 04:01:00,26315.27,26318.08,26304.31,26307.35,33.85056
2023-06-10 04:02:00,26307.35,26326.82,26307.34,26326.81,59.86561
2023-06-10 04:03:00,26326.8,26338.98,26326.8,26331.36,36.38013
2023-06-10 04:04:00,26331.36,26345.11,26331.36,26345.11,26.70716
2023-06-10 04:05:00,26345.1,26345.11,26344.55,26344.55,7.47125
2023-06-10 04:06:00,26344.56,26347.21,26341.78,26347.2,9.64483
2023-06-10 04:07:00,26347.21,26349,26343.46,26343.46,18.11929
2023-06-10 04:08:00,26343.46,26343.47,26340.48,26340.49,8.92199
2023-06-10 04:09:00,26340.48,26349.17,26340.48,26347.84,12.40909
2023-06-10 04:10:00,26347.83,26349.16,26340.48,26340.48,10.97213
2023-06-10 04:11:00,26340.48,26340.49,26331.12,26331.12,7.51196
2023-06-10 04:12:00,26331.12,26331.13,26331.12,26331.12,4.66722
2023-06-10 04:13:00,26331.12,26331.13,26326.05,26326.06,13.6818
2023-06-10 04:14:00,26326.05,26334.16,26323.02,26334.15,13.63309
2023-06-10 04:15:00,26334.16,26334.16,26322.86,26324.45,14.53177
2023-06-10 04:16:00,26324.44,26324.45,26322.02,26323.25,9.7697
2023-06-10 04:17:00,26323.24,26323.25,26308.03,26308.03,43.87302
2023-06-10 04:18:00,26308.04,26308.56,26291.93,26294.32,95.66227
2023-06-10 04:19:00,26294.33,26294.33,26267.95,26288.09,107.23263
2023-06-10 04:20:00,26288.1,26294.33,26227.1,26251.32,249.4169
2023-06-10 04:21:00,26251.32,26254.17,26142.17,26142.18,623.59272
2023-06-10 04:22:00,26142.17,26202.17,26100,26106.61,538.68612
2023-06-10 04:23:00,26106.61,26108.09,25980.14,26042.11,903.2486
2023-06-10 04:24:00,26042.11,26075.1,25880,25889.99,600.57588
2023-06-10 04:25:00,25890,25936.37,25843.51,25855.86,673.57232
2023-06-10 04:26:00,25855.86,25898.1,25800,25876.16,544.10864
2023-06-10 04:27:00,25876.16,25876.16,25800,25815.82,246.14076
2023-06-10 04:28:00,25815.83,25843.73,25744.97,25809.36,406.51876
2023-06-10 04:29:00,25809.37,25871.53,25809.36,25853.92,242.05889
2023-06-10 04:30:00,25853.92,25872.77,25831.64,25872.32,180.79848
2023-06-10 04:31:00,25872.31,25960,25870.78,25952.16,215.27681
2023-06-10 04:32:00,25952.14,25960,25865.76,25865.77,182.15722
2023-06-10 04:33:00,25865.76,25941.91,25855.35,25920.01,135.18771
2023-06-10 04:34:00,25920.01,25936.6,25866.85,25900,214.02434
2023-06-10 04:35:00,25900,25925.7,25871.02,25919.98,178.03602
2023-06-10 04:36:00,25919.98,25919.99,25869.54,25891.83,167.30774
2023-06-10 04:37:00,25891.82,25902.01,25880,25902,113.26906
2023-06-10 04:38:00,25902,25930.16,25884.72,25930.15,164.72171
2023-06-10 04:39:00,25930.16,25940.26,25919.25,25935.28,117.33104
2023-06-10 04:40:00,25935.28,25935.29,25881.46,25894.24,93.62966
2023-06-10 04:41:00,25894.24,25894.77,25828.7,25839.99,122.72371
2023-06-10 04:42:00,25839.99,25856.1,25715.46,25760.43,317.98779
2023-06-10 04:43:00,25760.44,25844.75,25747.13,25829.36,136.96961
2023-06-10 04:44:00,25829.35,25856.55,25806.71,25840.96,113.18417
2023-06-10 04:45:00,25840.97,25840.97,25787.08,25800,114.03133
2023-06-10 04:46:00,25800,25864.37,25790.16,25852.8,113.15459
2023-06-10 04:47:00,25852.79,25889.1,25823.88,25884.44,90.69239
2023-06-10 04:48:00,25884.44,25897.24,25866.44,25890.1,101.29112
2023-06-10 04:49:00,25890.1,25906.32,25878.41,25881.23,122.32048
2023-06-10 04:50:00,25881.23,25883.62,25835.86,25837.43,87.08557
2023-06-10 04:51:00,25837.43,25837.43,25810,25818.48,97.52785
2023-06-10 04:52:00,25818.48,25844.84,25781.65,25844.84,107.08253
2023-06-10 04:53:00,25844.84,25864.67,25827.59,25831.19,119.36323
2023-06-10 04:54:00,25831.19,25831.19,25750,25780.21,245.2974
2023-06-10 04:55:00,25780.21,25810,25780.21,25797.15,73.69814
2023-06-10 04:56:00,25797.16,25836.5,25797.15,25818.82,73.16916
2023-06-10 04:57:00,25818.82,25828.91,25790.69,25815.97,155.73467
2023-06-10 04:58:00,25815.96,25816.11,25773.77,25781.13,83.0181
2023-06-10 04:59:00,25781.14,25781.14,25756.21,25765.28,109.46086
2023-06-10 05:00:00,25765.29,25775.58,25688,25764.58,276.883
2023-06-10 05:01:00,25764.57,25795.57,25762.14,25782.24,114.20832
2023-06-10 05:02:00,25782.25,25807.28,25772.72,25799.95,146.98544
2023-06-10 05:03:00,25799.95,25808.12,25770,25774.17,57.54294
2023-06-10 05:04:00,25774.18,25774.37,25706.69,25712.77,136.30082
2023-06-10 05:05:00,25712.77,25738.95,25666.01,25708.45,143.27086
2023-06-10 05:06:00,25708.44,25728.39,25584.3,25614.84,396.18582
2023-06-10 05:07:00,25614.85,25685.69,25580,25629.59,270.24147
2023-06-10 05:08:00,25626.77,25657.91,25580.79,25654.08,111.7325
2023-06-10 05:09:00,25654.08,25658.88,25579,25633.21,150.76178
2023-06-10 05:10:00,25633.21,25646.48,25600.01,25627.64,154.56417
2023-06-10 05:11:00,25627.65,25663.7,25604.34,25607.08,153.83287
2023-06-10 05:12:00,25607.08,25671.62,25573.62,25665.98,155.15698
2023-06-10 05:13:00,25665.97,25691.1,25618.3,25622.68,136.35081
2023-06-10 05:14:00,25622.68,25633.99,25582.11,25619.61,194.90313
2023-06-10 05:15:00,25619.62,25657.95,25578.64,25649.98,133.89212
2023-06-10 05:16:00,25649.98,25673.2,25643.75,25656.57,76.55046
2023-06-10 05:17:00,25656.56,25667.07,25636.41,25636.41,84.00426
2023-06-10 05:18:00,25636.41,25643.78,25618,25635.29,103.07044
2023-06-10 05:19:00,25635.3,25638.14,25590.01,25591.99,106.69565
2023-06-10 05:20:00,25591.99,25610.27,25506,25514.97,290.5836
2023-06-10 05:21:00,25514.97,25592.06,25504.28,25579.13,113.83608
2023-06-10 05:22:00,25579.12,25630.45,25572.77,25621.82,67.66629
2023-06-10 05:23:00,25621.82,25641.21,25615,25630.65,65.09374
2023-06-10 05:24:00,25630.66,25669.04,25630.66,25667.61,80.56126
2023-06-10 05:25:00,25667.62,25685.18,25646,25679.16,108.2839
2023-06-10 05:26:00,25679.17,25699.47,25662.84,25684.87,106.75943
2023-06-10 05:27:00,25684.86,25687.46,25662.03,25662.04,75.90244
2023-06-10 05:28:00,25662.04,25667.92,25656.9,25661.44,49.19252
2023-06-10 05:29:00,25661.44,25661.44,25603.71,25617.2,97.22572
2023-06-10 05:30:00,25617.21,25617.21,25580.07,25600.3,86.77748
2023-06-10 05:31:00,25600.31,25634.29,25580.08,25620.32,72.75406
2023-06-10 05:32:00,25620.32,25620.32,25581.81,25591.94,55.02083
2023-06-10 05:33:00,25591.93,25591.94,25545.7,25573.66,130.1557
2023-06-10 05:34:00,25573.66,25585.19,25530.01,25583.16,89.94175
2023-06-10 05:35:00,25583.16,25592.4,25572.17,25592.39,67.18437
2023-06-10 05:36:00,25592.39,25599.17,25575,25591.12,66.8873
2023-06-10 05:37:00,25591.12,25624.88,25591.12,25622.06,76.0302
2023-06-10 05:38:00,25622.07,25653.45,25605,25647.68,112.31736
2023-06-10 05:39:00,25647.69,25680,25638.79,25673.71,130.65932
2023-06-10 05:40:00,25673.71,25680,25631.76,25631.77,84.56524
2023-06-10 05:41:00,25631.76,25648.03,25625.88,25630.43,85.75782
2023-06-10 05:42:00,25630.43,25662.51,25630.43,25662.5,89.02759
2023-06-10 05:43:00,25662.5,25668.8,25653.8,25664.55,46.96521
2023-06-10 05:44:00,25664.55,25678.23,25661.61,25663.31,63.55373
2023-06-10 05:45:00,25663.3,25663.31,25595.72,25597.56,81.1495
2023-06-10 05:46:00,25597.56,25626.06,25542.77,25567.88,195.31861
2023-06-10 05:47:00,25567.87,25593.06,25564.1,25586.45,117.39424
2023-06-10 05:48:00,25586.45,25586.45,25552.68,25554.89,104.28414
2023-06-10 05:49:00,25554.89,25565.23,25524.64,25560.1,132.96636
2023-06-10 05:50:00,25560.11,25567.79,25493.51,25510.63,331.46646
2023-06-10 05:51:00,25510.62,25595.7,25456.41,25469.71,371.95948
2023-06-10 05:52:00,25469.72,25527.05,25468.57,25501.92,186.19793
2023-06-10 05:53:00,25502.07,25510.91,25482.27,25501.27,126.36351
2023-06-10 05:54:00,25501.27,25510,25484.41,25491.94,116.12567
2023-06-10 05:55:00,25491.94,25542.95,25491.94,25505.94,92.95281
2023-06-10 05:56:00,25505.95,25515.03,25478.28,25489.27,103.4876
2023-06-10 05:57:00,25489.27,25538.79,25489.26,25523.03,116.57339
2023-06-10 05:58:00,25523.03,25550,25495.4,25505.24,132.59104
2023-06-10 05:59:00,25505.24,25518.07,25475.77,25518.06,131.7167
2023-06-10 06:00:00,25518.06,25536.19,25490,25534.93,129.04215
2023-06-10 06:01:00,25534.92,25553.67,25534.92,25553.66,87.19866
2023-06-10 06:02:00,25553.66,25563.18,25545.55,25562.33,83.34111
2023-06-10 06:03:00,25562.32,25563.18,25543.01,25557.88,76.42759
2023-06-10 06:04:00,25557.88,25588.79,25556.31,25587.52,76.54543
2023-06-10 06:05:00,25587.52,25588.79,25563,25565,105.83704
2023-06-10 06:06:00,25565,25577.1,25544.87,25557.24,63.69823
2023-06-10 06:07:00,25557.23,25557.63,25540.68,25543.36,88.62571
2023-06-10 06:08:00,25543.36,25550,25524.1,25533.69,133.48438
2023-06-10 06:09:00,25533.68,25539.5,25515.51,25524.98,87.80929
2023-06-10 06:10:00,25524.99,25541.45,25508.28,25513.19,93.82098
2023-06-10 06:11:00,25513.18,25524.86,25496.83,25524.86,75.11545
2023-06-10 06:12:00,25524.85,25564.39,25520.88,25550,58.31813
2023-06-10 06:13:00,25550.01,25560.67,25539.86,25560.66,44.63342
2023-06-10 06:14:00,25560.66,25573.07,25548.12,25549.38,83.62018
2023-06-10 06:15:00,25549.38,25560,25512.6,25529.92,124.56825
2023-06-10 06:16:00,25529.92,25547.14,25528.64,25544.77,71.30954
2023-06-10 06:17:00,25544.78,25559.54,25544.52,25559.35,79.28544
2023-06-10 06:18:00,25559.36,25591.89,25552.09,25588.57,71.05917
2023-06-10 06:19:00,25588.56,25634.13,25586,25634.13,149.31392
2023-06-10 06:20:00,25634.13,25638.93,25605.82,25607.43,121.87183
2023-06-10 06:21:00,25607.43,25616.5,25607.43,25616.49,80.48101
2023-06-10 06:22:00,25616.5,25625.39,25604.69,25616.53,87.52809
2023-06-10 06:23:00,25616.52,25633.42,25610.01,25610.53,75.70745
2023-06-10 06:24:00,25610.54,25619.52,25608.95,25613.62,44.64059
2023-06-10 06:25:00,25613.63,25626.26,25601.34,25623.72,105.1933
2023-06-10 06:26:00,25623.72,25623.73,25603.53,25614.1,65.40368
2023-06-10 06:27:00,25614.09,25614.91,25603.59,25609.96,43.22138
2023-06-10 06:28:00,25609.96,25627.3,25604.33,25627.3,48.33546
2023-06-10 06:29:00,25627.29,25637.51,25622.19,25633.76,149.64719
2023-06-10 06:30:00,25633.76,25633.77,25603.67,25616.2,113.87102
2023-06-10 06:31:00,25616.2,25616.2,25606.4,25616.18,54.18334
2023-06-10 06:32:00,25616.17,25619.89,25606.52,25606.52,46.67207
2023-06-10 06:33:00,25606.53,25619.1,25606.41,25614.17,24.11946
2023-06-10 06:34:00,25614.16,25614.17,25606.42,25606.44,34.79942
2023-06-10 06:35:00,25606.44,25611.97,25594.15,25594.16,51.59988
2023-06-10 06:36:00,25594.15,25594.16,25545.09,25548.68,92.09167
2023-06-10 06:37:00,25548.67,25548.68,25507.8,25537.79,125.19161
2023-06-10 06:38:00,25537.79,25557.9,25511.66,25515.39,92.97141
2023-06-10 06:39:00,25515.72,25592.87,25503.45,25580.8,147.50681
2023-06-10 06:40:00,25580.8,25602.83,25576.3,25589.99,97.03227
2023-06-10 06:41:00,25590,25602.98,25566.57,25581.37,88.32636
2023-06-10 06:42:00,25581.36,25583.43,25568.01,25568.02,75.8197
2023-06-10 06:43:00,25568.01,25568.02,25523.79,25531.06,83.98216
2023-06-10 06:44:00,25531.07,25564.92,25531.06,25564.92,65.51356
2023-06-10 06:45:00,25564.92,25564.92,25517,25522.4,113.82741
2023-06-10 06:46:00,25522.41,25529.99,25506.11,25516.77,110.93179
2023-06-10 06:47:00,25516.77,25571.26,25490.21,25551.77,153.87673
2023-06-10 06:48:00,25551.78,25551.78,25457.46,25497.1,246.0595
2023-06-10 06:49:00,25497.11,25534.37,25495.02,25529.85,109.61434
2023-06-10 06:50:00,25529.86,25536.69,25520,25520,72.06243
2023-06-10 06:51:00,25520.01,25542.72,25518.73,25532.14,69.27837
2023-06-10 06:52:00,25532.14,25557.73,25532.13,25550.29,50.6426
2023-06-10 06:53:00,25550.3,25562.97,25545,25561.64,44.42901
2023-06-10 06:54:00,25561.64,25576.26,25556.44,25562.3,49.30546
2023-06-10 06:55:00,25562.3,25568.62,25551.16,25551.16,74.73099
2023-06-10 06:56:00,25551.17,25559.11,25540.12,25549.25,60.38404
2023-06-10 06:57:00,25549.25,25550,25521.69,25550,100.28872
2023-06-10 06:58:00,25549.99,25560,25532.97,25536.5,61.73463
2023-06-10 06:59:00,25536.49,25545.24,25526.06,25538.81,56.73999
2023-06-10 07:00:00,25538.81,25556.7,25532.14,25541.38,59.85739
2023-06-10 07:01:00,25541.39,25547.65,25534.34,25545.96,59.82952
2023-06-10 07:02:00,25545.97,25545.97,25524.96,25524.99,42.13289
2023-06-10 07:03:00,25525,25525,25513.6,25524.99,48.08525
2023-06-10 07:04:00,25524.99,25540.38,25510.13,25531.85,60.95397
2023-06-10 07:05:00,25531.85,25553.52,25526.51,25540.33,118.57961
2023-06-10 07:06:00,25540.34,25579.09,25540.33,25579.09,140.15691
2023-06-10 07:07:00,25579.08,25584.19,25558.91,25572.43,117.96861
2023-06-10 07:08:00,25572.43,25572.43,25539.62,25555.09,277.90202
2023-06-10 07:09:00,25555.09,25598.06,25493.27,25567.97,479.91224
2023-06-10 07:10:00,25567.97,25587.63,25558.78,25580.01,358.25136
2023-06-10 07:11:00,25580,25581.4,25557.57,25574.39,171.13101
2023-06-10 07:12:00,25574.4,25592.22,25569.64,25583.8,112.44188
2023-06-10 07:13:00,25583.8,25591.01,25571.04,25585.39,75.66006
2023-06-10 07:14:00,25585.4,25602.66,25585.39,25598.77,76.05134
2023-06-10 07:15:00,25598.77,25600,25580.22,25599.99,85.71388
2023-06-10 07:16:00,25599.99,25600,25582.53,25586.38,69.95387
2023-06-10 07:17:00,25586.37,25586.38,25575.76,25577.57,41.73905
2023-06-10 07:18:00,25577.56,25577.78,25567.1,25572.82,29.24909
2023-06-10 07:19:00,25572.81,25578.22,25553.19,25553.2,58.1258
2023-06-10 07:20:00,25553.19,25555.97,25538.8,25538.81,66.76691
2023-06-10 07:21:00,25538.81,25548.31,25524.91,25546.21,97.70143
2023-06-10 07:22:00,25546.21,25591.97,25545.47,25577.84,101.73529
2023-06-10 07:23:00,25577.83,25614.75,25577.83,25604.45,116.03304
2023-06-10 07:24:00,25604.44,25678,25604.44,25663.47,170.11028
2023-06-10 07:25:00,25663.47,25731.58,25653.69,25728.16,195.66888
2023-06-10 07:26:00,25728.17,25729.93,25680,25694,205.67281
2023-06-10 07:27:00,25694,25698.08,25676.6,25697.07,197.6517
2023-06-10 07:28:00,25697.07,25700.67,25697.07,25700.67,55.01722
2023-06-10 07:29:00,25700.66,25704.9,25684.09,25696.07,59.86829
2023-06-10 07:30:00,25696.07,25698.26,25665.97,25667.31,65.01668
2023-06-10 07:31:00,25667.31,25672.23,25655.73,25672.23,47.67035
2023-06-10 07:32:00,25672.22,25697.94,25672.22,25697.94,43.4365
2023-06-10 07:33:00,25697.94,25716.8,25694.3,25708.55,66.63082
2023-06-10 07:34:00,25708.54,25722.53,25701.33,25720.34,67.23936
2023-06-10 07:35:00,25720.33,25743.8,25715.75,25720.36,90.02347
2023-06-10 07:36:00,25720.36,25720.36,25688.97,25696.67,70.77965
2023-06-10 07:37:00,25696.66,25696.67,25680.34,25683.08,81.32141
2023-06-10 07:38:00,25683.08,25690.6,25680.86,25687.13,88.2635
2023-06-10 07:39:00,25687.14,25704.31,25687.13,25704.31,80.53238
2023-06-10 07:40:00,25704.3,25704.31,25700,25700,60.25829
2023-06-10 07:41:00,25700,25725.66,25691.38,25721.19,132.49409
2023-06-10 07:42:00,25721.18,25721.19,25705.75,25709.27,44.12227
2023-06-10 07:43:00,25709.27,25709.28,25700.31,25702.27,39.07497
2023-06-10 07:44:00,25702.26,25716.53,25699.14,25710.82,31.48196
2023-06-10 07:45:00,25710.82,25710.83,25690.28,25698.39,56.53777
2023-06-10 07:46:00,25698.39,25698.39,25694.59,25698.3,20.41717
2023-06-10 07:47:00,25698.3,25698.3,25688.24,25688.25,28.8225
2023-06-10 07:48:00,25688.25,25691.71,25666,25673.67,56.60058
2023-06-10 07:49:00,25673.67,25673.68,25646.33,25660.43,68.68751
2023-06-10 07:50:00,25660.42,25663.89,25652.93,25663.41,40.49405
2023-06-10 07:51:00,25663.41,25685.25,25663.41,25685.25,57.30453
2023-06-10 07:52:00,25685.25,25699.16,25685.24,25699.15,34.61064
2023-06-10 07:53:00,25699.14,25699.15,25683.56,25685.28,40.00154
2023-06-10 07:54:00,25685.28,25685.29,25661.53,25663.79,38.91234
2023-06-10 07:55:00,25663.78,25670.68,25656.99,25658.04,36.06145
2023-06-10 07:56:00,25658.04,25666.86,25658.03,25666.85,38.01589
2023-06-10 07:57:00,25666.85,25674.59,25666.85,25667.31,32.49168
2023-06-10 07:58:00,25667.32,25667.32,25647.24,25649.48,45.40773
2023-06-10 07:59:00,25649.47,25651.1,25632.05,25651.09,36.95564
2023-06-10 08:00:00,25651.08,25651.09,25630.56,25640.34,72.29475
2023-06-10 08:01:00,25640.34,25642.87,25630,25630.8,89.3156
2023-06-10 08:02:00,25630.79,25630.8,25565.25,25601.26,185.97087
2023-06-10 08:03:00,25601.25,25601.26,25561.25,25596.79,178.65478
2023-06-10 08:04:00,25596.78,25621.1,25596.78,25611.55,70.97781
2023-06-10 08:05:00,25611.54,25611.55,25582.49,25606.37,69.992
2023-06-10 08:06:00,25606.36,25616.84,25606.36,25614.08,42.55499
2023-06-10 08:07:00,25614.09,25636.14,25610.71,25636.14,64.02402
2023-06-10 08:08:00,25636.14,25636.14,25606.89,25623.18,77.42626
2023-06-10 08:09:00,25623.17,25623.18,25615.27,25615.27,37.98065
2023-06-10 08:10:00,25615.28,25625.27,25590.04,25590.06,75.24441
2023-06-10 08:11:00,25590.05,25607.44,25582.11,25599.46,61.20806
2023-06-10 08:12:00,25599.46,25612.72,25598.15,25602.46,89.81322
2023-06-10 08:13:00,25602.47,25619.89,25598.49,25619.89,56.75118
2023-06-10 08:14:00,25619.88,25638.32,25619.88,25631.65,43.85051
2023-06-10 08:15:00,25631.65,25639.09,25624,25639.09,62.38654
2023-06-10 08:16:00,25639.08,25650.01,25635.31,25650,70.75108
2023-06-10 08:17:00,25650.01,25650.01,25645.22,25645.22,64.19503
2023-06-10 08:18:00,25645.22,25646.42,25641.35,25641.53,44.14041
2023-06-10 08:19:00,25641.52,25645.08,25638.61,25644.68,50.17305
2023-06-10 08:20:00,25644.68,25650.68,25635.98,25635.99,60.03942
2023-06-10 08:21:00,25635.99,25649.63,25628.53,25648.36,83.11265
2023-06-10 08:22:00,25648.37,25650.67,25646.29,25650.09,33.04405
2023-06-10 08:23:00,25650.1,25653.99,25648.42,25653.98,24.83346
2023-06-10 08:24:00,25653.99,25656.08,25648.27,25656.08,17.56635
2023-06-10 08:25:00,25656.08,25673.57,25656.07,25673.57,16.37287
2023-06-10 08:26:00,25673.57,25689.32,25673.56,25689.31,39.12104
2023-06-10 08:27:00,25689.32,25700.77,25685.92,25700.77,46.54171
2023-06-10 08:28:00,25700.76,25716.36,25700.76,25716.35,32.62884
2023-06-10 08:29:00,25716.36,25723.3,25716.35,25717.96,69.95367
2023-06-10 08:30:00,25717.96,25719.93,25698.86,25698.86,48.94992
2023-06-10 08:31:00,25698.87,25701.01,25691.77,25694.26,25.68564
2023-06-10 08:32:00,25694.26,25695.26,25690.15,25690.16,38.63792
2023-06-10 08:33:00,25690.16,25690.16,25685.83,25689.07,61.09226
2023-06-10 08:34:00,25689.08,25689.37,25686.03,25689.36,29.66448
2023-06-10 08:35:00,25689.36,25703.84,25689.36,25703.84,46.46536
2023-06-10 08:36:00,25703.83,25703.84,25698.68,25698.68,31.92061
2023-06-10 08:37:00,25698.69,25698.86,25692.48,25694.65,40.78396
2023-06-10 08:38:00,25694.64,25710.7,25694.64,25710.69,33.40007
2023-06-10 08:39:00,25710.69,25723.5,25704.52,25723.5,81.62189
2023-06-10 08:40:00,25723.5,25724.29,25715.09,25715.33,56.98627
2023-06-10 08:41:00,25715.32,25722.02,25714.82,25722.02,43.8565
2023-06-10 08:42:00,25722.01,25728.23,25722.01,25728.23,26.93191
2023-06-10 08:43:00,25728.22,25750.25,25724.94,25734.33,52.27145
2023-06-10 08:44:00,25734.32,25734.33,25718.78,25728.65,67.71939
2023-06-10 08:45:00,25728.65,25728.65,25686.13,25691.26,75.4034
2023-06-10 08:46:00,25691.27,25691.27,25681.3,25686.17,101.08134
2023-06-10 08:47:00,25686.18,25687.98,25669.87,25686.07,72.6526
2023-06-10 08:48:00,25686.07,25688.11,25682.51,25688.08,16.79969
2023-06-10 08:49:00,25688.08,25696.74,25684.1,25696.74,23.2763
2023-06-10 08:50:00,25696.73,25699.66,25672.45,25680.5,82.00813
2023-06-10 08:51:00,25680.5,25682.53,25676.34,25676.34,41.26619
2023-06-10 08:52:00,25676.35,25680.64,25675.87,25677.99,50.69921
2023-06-10 08:53:00,25677.99,25678,25668.86,25676.14,54.8575
2023-06-10 08:54:00,25676.14,25691.09,25676.14,25691.08,24.02029
2023-06-10 08:55:00,25691.08,25691.09,25680,25680.01,35.05971
2023-06-10 08:56:00,25680.01,25681.29,25673.38,25673.38,23.66253
2023-06-10 08:57:00,25673.38,25673.39,25668.44,25668.44,17.753
2023-06-10 08:58:00,25668.45,25668.45,25637.56,25661.74,83.68174
2023-06-10 08:59:00,25661.73,25669.07,25661.73,25669.07,30.35387
2023-06-10 09:00:00,25669.06,25669.07,25663.86,25667.82,28.49212
2023-06-10 09:01:00,25667.81,25675.53,25666.54,25670.76,47.4336
2023-06-10 09:02:00,25670.77,25680,25666.55,25666.56,31.87387
2023-06-10 09:03:00,25666.55,25666.56,25660.51,25665.15,41.24063
2023-06-10 09:04:00,25665.15,25665.16,25657.39,25659.65,27.23539
2023-06-10 09:05:00,25659.65,25660.63,25659.64,25660.62,14.38531
2023-06-10 09:06:00,25660.63,25665.29,25657.6,25665.18,35.45105
2023-06-10 09:07:00,25665.19,25665.19,25644.92,25647.21,35.62442
2023-06-10 09:08:00,25647.22,25655.84,25647.21,25653.69,21.19555
2023-06-10 09:09:00,25653.69,25664.57,25652.61,25652.61,39.64801
2023-06-10 09:10:00,25652.61,25656.77,25645.16,25656.76,20.92484
2023-06-10 09:11:00,25656.77,25660,25656,25656.44,21.32728
2023-06-10 09:12:00,25656.44,25660,25656.43,25660,36.76827
2023-06-10 09:13:00,25659.99,25668.24,25656.43,25668.23,65.69595
2023-06-10 09:14:00,25668.24,25678.46,25659.99,25678.45,31.58145
2023-06-10 09:15:00,25678.45,25678.48,25659.99,25659.99,15.62156
2023-06-10 09:16:00,25660,25663.99,25656.43,25656.44,26.66668
2023-06-10 09:17:00,25656.43,25658.51,25639.98,25639.99,29.10207
2023-06-10 09:18:00,25639.98,25639.99,25631.6,25633,35.72191
2023-06-10 09:19:00,25633,25639.98,25631.45,25639.98,28.77132
2023-06-10 09:20:00,25639.98,25645.81,25639.97,25642.08,64.1392
2023-06-10 09:21:00,25642.09,25643,25623.34,25632.75,109.5152
2023-06-10 09:22:00,25632.75,25642,25632.74,25642,16.88348
2023-06-10 09:23:00,25642,25644.3,25639.19,25639.2,14.50653
2023-06-10 09:24:00,25639.2,25642.03,25638.89,25638.95,24.14838
2023-06-10 09:25:00,25638.94,25654.09,25638.94,25644.43,21.62383
2023-06-10 09:26:00,25644.43,25644.43,25636.65,25636.66,25.81885
2023-06-10 09:27:00,25636.65,25636.66,25632.99,25633,9.51355
2023-06-10 09:28:00,25633,25633,25620,25620.01,12.00843
2023-06-10 09:29:00,25620,25625.96,25620,25625.36,17.65305
2023-06-10 09:30:00,25625.35,25628.97,25614.85,25628.97,39.01563
2023-06-10 09:31:00,25628.97,25629.12,25628,25628,12.71893
2023-06-10 09:32:00,25628.01,25635.27,25628,25635.27,27.54338
2023-06-10 09:33:00,25635.27,25635.27,25627.38,25627.74,13.69462
2023-06-10 09:34:00,25627.74,25637.99,25627.74,25637.99,16.34995
2023-06-10 09:35:00,25637.99,25637.99,25637.57,25637.58,10.67505
2023-06-10 09:36:00,25637.58,25637.58,25633.52,25634.98,31.04198
2023-06-10 09:37:00,25634.97,25637.75,25631.13,25631.14,15.90368
2023-06-10 09:38:00,25631.14,25637.54,25631.12,25637.53,13.38782
2023-06-10 09:39:00,25637.54,25639.64,25635.37,25635.37,17.35685
2023-06-10 09:40:00,25635.38,25643.47,25635.37,25643.46,19.66546
2023-06-10 09:41:00,25643.47,25643.47,25643.46,25643.47,9.10748
2023-06-10 09:42:00,25643.46,25648.42,25643.46,25648.42,7.50897
2023-06-10 09:43:00,25648.42,25648.42,25648.39,25648.39,13.07343
2023-06-10 09:44:00,25648.39,25651.42,25645.68,25651.42,14.22393
2023-06-10 09:45:00,25651.41,25668.56,25651.41,25668.56,17.75606
2023-06-10 09:46:00,25668.55,25678.62,25668.55,25675.35,16.80586
2023-06-10 09:47:00,25675.35,25682.06,25675.35,25682.06,17.06789
2023-06-10 09:48:00,25682.05,25682.06,25682.05,25682.06,8.92083
2023-06-10 09:49:00,25682.06,25682.78,25682.05,25682.78,15.25317
2023-06-10 09:50:00,25682.78,25682.78,25681.04,25681.05,20.78183
2023-06-10 09:51:00,25681.05,25681.05,25665.15,25665.15,25.83893
2023-06-10 09:52:00,25665.16,25665.16,25653.72,25653.73,14.1668
2023-06-10 09:53:00,25653.73,25653.73,25648.4,25649.99,15.47166
2023-06-10 09:54:00,25649.98,25658.33,25649.98,25658.33,14.25552
2023-06-10 09:55:00,25658.33,25668.45,25658.32,25666.71,15.0718
2023-06-10 09:56:00,25666.72,25669.86,25666.71,25669.85,9.09176
2023-06-10 09:57:00,25669.86,25669.86,25661.43,25661.44,12.30797
2023-06-10 09:58:00,25661.43,25661.44,25651.88,25651.89,12.54378
2023-06-10 09:59:00,25651.88,25651.89,25649.79,25651.88,14.57741
2023-06-10 10:00:00,25651.89,25651.89,25646.82,25646.83,14.2647
2023-06-10 10:01:00,25646.83,25655.08,25646.82,25655.07,32.68524
2023-06-10 10:02:00,25655.08,25655.08,25655.07,25655.07,10.98178
2023-06-10 10:03:00,25655.08,25661.81,25653,25660.82,53.41846
2023-06-10 10:04:00,25660.82,25660.82,25657.45,25658.42,21.8087
2023-06-10 10:05:00,25658.43,25658.43,25652.74,25652.74,23.13836
2023-06-10 10:06:00,25652.75,25652.75,25652.74,25652.74,10.73448
2023-06-10 10:07:00,25652.75,25652.75,25648.07,25652.58,26.45749
2023-06-10 10:08:00,25652.57,25652.58,25650,25650,5.76232
2023-06-10 10:09:00,25650,25650.01,25645.53,25645.54,17.3366
2023-06-10 10:10:00,25645.53,25645.54,25638.03,25638.13,17.35403
2023-06-10 10:11:00,25638.12,25649.01,25638.12,25641.02,23.75085
2023-06-10 10:12:00,25641.03,25651.94,25641.02,25651.93,10.03584
2023-06-10 10:13:00,25651.93,25651.94,25643.24,25643.42,15.69969
2023-06-10 10:14:00,25643.43,25644.67,25643.42,25644.18,6.02223
2023-06-10 10:15:00,25644.19,25644.19,25644.16,25644.17,4.76401
2023-06-10 10:16:00,25644.17,25648.68,25644.16,25646.96,21.18968
2023-06-10 10:17:00,25646.95,25663.65,25646.95,25663.65,17.18597
2023-06-10 10:18:00,25663.64,25663.65,25652.06,25652.06,15.49654
2023-06-10 10:19:00,25652.06,25652.07,25647.66,25650,17.82378
2023-06-10 10:20:00,25650,25651.81,25640.31,25640.31,87.8845
2023-06-10 10:21:00,25640.31,25640.32,25639.21,25639.21,10.2791
2023-06-10 10:22:00,25639.21,25639.22,25632.93,25633.05,14.77455
2023-06-10 10:23:00,25633.05,25633.06,25598.49,25603.15,51.56509
2023-06-10 10:24:00,25603.15,25617.09,25603.15,25611.15,32.55393
2023-06-10 10:25:00,25611.14,25634.61,25611.14,25634.6,17.25303
2023-06-10 10:26:00,25634.6,25634.61,25618.82,25618.83,15.25529
2023-06-10 10:27:00,25618.82,25625.57,25618.82,25625.57,17.23406
2023-06-10 10:28:00,25625.57,25630,25625.56,25629.99,23.13724
2023-06-10 10:29:00,25629.99,25637.42,25629.99,25637.42,20.59967
2023-06-10 10:30:00,25637.42,25638.8,25630,25631.51,13.56478
2023-06-10 10:31:00,25631.51,25633.66,25626.61,25631.17,23.00557
2023-06-10 10:32:00,25631.17,25631.96,25630.74,25631.95,11.06012
2023-06-10 10:33:00,25631.95,25640.59,25631.95,25634.81,14.89988
2023-06-10 10:34:00,25634.81,25642.38,25634.81,25642.38,12.62005
2023-06-10 10:35:00,25642.38,25642.38,25642.37,25642.37,14.50406
2023-06-10 10:36:00,25642.37,25645,25639.29,25639.29,11.95698
2023-06-10 10:37:00,25639.29,25647,25639.29,25646.99,10.49072
2023-06-10 10:38:00,25646.99,25651.81,25646.99,25651.8,12.99884
2023-06-10 10:39:00,25651.8,25656.98,25651.8,25656.98,10.15604
2023-06-10 10:40:00,25656.97,25656.98,25649.72,25649.72,14.90266
2023-06-10 10:41:00,25649.72,25649.73,25646.83,25646.85,16.50551
2023-06-10 10:42:00,25646.85,25657.4,25646.84,25657.39,11.21864
2023-06-10 10:43:00,25657.39,25664.17,25657.39,25664.17,21.09324
2023-06-10 10:44:00,25664.17,25664.17,25659.25,25659.26,26.96562
2023-06-10 10:45:00,25659.25,25659.26,25653.1,25653.1,6.63896
2023-06-10 10:46:00,25653.11,25659.25,25653.1,25659.25,10.22835
2023-06-10 10:47:00,25659.25,25666.22,25659.24,25666.21,22.2337
2023-06-10 10:48:00,25666.21,25684.58,25666.21,25684.58,21.84233
2023-06-10 10:49:00,25684.57,25684.58,25674.14,25680.26,37.87181
2023-06-10 10:50:00,25680.26,25680.3,25673.06,25673.07,15.07063
2023-06-10 10:51:00,25673.06,25673.07,25666.08,25666.09,9.66315
2023-06-10 10:52:00,25666.08,25666.38,25664.8,25666.37,12.26033
2023-06-10 10:53:00,25666.37,25677.02,25666.37,25676.88,14.1494
2023-06-10 10:54:00,25676.89,25692.22,25676.88,25692.22,8.70305
2023-06-10 10:55:00,25692.21,25696.59,25692.21,25692.41,24.73103
2023-06-10 10:56:00,25692.4,25698,25692.4,25697.92,26.45399
2023-06-10 10:57:00,25697.91,25701.58,25697.91,25701.58,34.83121
2023-06-10 10:58:00,25701.57,25701.68,25699.99,25700.01,29.27154
2023-06-10 10:59:00,25700,25700,25694.99,25698.31,20.78536
2023-06-10 11:00:00,25698.3,25698.31,25695,25695.51,22.65849
2023-06-10 11:01:00,25695.51,25695.94,25695.5,25695.93,13.38199
2023-06-10 11:02:00,25695.92,25695.93,25688.88,25694.53,70.11192
2023-06-10 11:03:00,25694.53,25694.53,25688.33,25688.33,15.15782
2023-06-10 11:04:00,25688.34,25689.62,25686.61,25686.61,24.27585
2023-06-10 11:05:00,25686.62,25690.89,25686.55,25690.88,12.34293
2023-06-10 11:06:00,25690.89,25690.89,25690.88,25690.88,6.5886
2023-06-10 11:07:00,25690.89,25695.14,25690.88,25695.14,13.95171
2023-06-10 11:08:00,25695.13,25711.93,25695.13,25696.15,35.04207
2023-06-10 11:09:00,25696.15,25716.66,25696.15,25716.66,21.78247
2023-06-10 11:10:00,25716.65,25716.66,25695.16,25695.16,32.78893
2023-06-10 11:11:00,25695.16,25695.17,25682.24,25682.24,17.57631
2023-06-10 11:12:00,25682.25,25682.25,25680.94,25680.95,10.3821
2023-06-10 11:13:00,25680.95,25683.73,25680.94,25680.95,11.95768
2023-06-10 11:14:00,25680.96,25680.96,25680.25,25680.26,30.01875
2023-06-10 11:15:00,25680.25,25680.26,25670.1,25670.1,24.20166
2023-06-10 11:16:00,25670.11,25674.98,25670.1,25673.85,10.10958
2023-06-10 11:17:00,25673.84,25673.85,25665.71,25665.71,25.42546
2023-06-10 11:18:00,25665.71,25665.72,25659.07,25659.08,16.75468
2023-06-10 11:19:00,25659.07,25666.24,25659.07,25666.23,13.56842
2023-06-10 11:20:00,25666.23,25672.71,25666.23,25666.32,27.5211
2023-06-10 11:21:00,25666.33,25666.33,25660.49,25660.5,20.31347
2023-06-10 11:22:00,25660.5,25664.64,25660.37,25664.64,13.45272
2023-06-10 11:23:00,25664.64,25664.64,25663.03,25663.04,8.909
2023-06-10 11:24:00,25663.04,25663.17,25663.03,25663.17,7.32294
2023-06-10 11:25:00,25663.17,25668,25663.16,25668,14.46018
2023-06-10 11:26:00,25667.99,25668,25660.5,25667.99,15.95043
2023-06-10 11:27:00,25668,25673.82,25667.99,25673.81,21.33833
2023-06-10 11:28:00,25673.82,25675.04,25673.81,25675.03,4.88843
2023-06-10 11:29:00,25675.04,25686.17,25675.03,25683.54,14.97965
2023-06-10 11:30:00,25683.54,25683.55,25669,25669,17.713
2023-06-10 11:31:00,25669.01,25669.01,25665.33,25667.62,7.84787
2023-06-10 11:32:00,25667.62,25683.93,25667.61,25683.92,15.07502
2023-06-10 11:33:00,25683.92,25683.93,25674.19,25675.99,16.62104
2023-06-10 11:34:00,25675.98,25675.99,25675,25675,16.35677
2023-06-10 11:35:00,25675,25688.21,25675,25688.12,15.99061
2023-06-10 11:36:00,25688.11,25699.66,25688.11,25699.65,12.51087
2023-06-10 11:37:00,25699.65,25719.83,25699.65,25711.26,27.41939
2023-06-10 11:38:00,25711.26,25711.26,25700,25700.01,11.71079
2023-06-10 11:39:00,25700.01,25704.81,25696.98,25704.8,16.9495
2023-06-10 11:40:00,25704.8,25720,25704.78,25719.99,21.854
2023-06-10 11:41:00,25719.99,25720,25713.39,25719.99,10.89899
2023-06-10 11:42:00,25719.99,25722.52,25706.66,25706.66,37.97567
2023-06-10 11:43:00,25706.66,25712.73,25700,25712.72,21.24133
2023-06-10 11:44:00,25712.72,25717.83,25708.28,25709.19,25.2334
2023-06-10 11:45:00,25709.19,25712.56,25708.64,25710.84,20.21582
2023-06-10 11:46:00,25710.85,25729.33,25710.4,25727.06,36.73663
2023-06-10 11:47:00,25727.05,25728.82,25706.94,25722.58,79.29272
2023-06-10 11:48:00,25722.58,25724.32,25722.58,25722.75,8.58456
2023-06-10 11:49:00,25722.75,25728.27,25718.41,25724.55,21.01689
2023-06-10 11:50:00,25724.56,25726.9,25724.55,25726.9,11.82148
2023-06-10 11:51:00,25726.9,25726.9,25716.98,25722.98,18.11681
2023-06-10 11:52:00,25722.99,25729.65,25722.98,25728.84,12.69825
2023-06-10 11:53:00,25728.83,25739.29,25728.82,25739.29,25.71574
2023-06-10 11:54:00,25739.29,25739.29,25729.17,25738.28,26.92383
2023-06-10 11:55:00,25738.29,25738.29,25730.13,25730.14,23.03115
2023-06-10 11:56:00,25730.13,25735.23,25730.13,25735.21,23.4382
2023-06-10 11:57:00,25735.21,25735.45,25735.21,25735.45,14.17066
2023-06-10 11:58:00,25735.45,25735.45,25731.4,25731.41,13.89301
2023-06-10 11:59:00,25731.41,25731.41,25731.4,25731.4,8.84387
2023-06-10 12:00:00,25731.41,25731.41,25719.7,25720,50.20125
2023-06-10 12:01:00,25719.99,25720,25718.19,25718.19,12.87335
2023-06-10 12:02:00,25718.19,25718.2,25707.47,25707.48,31.00483
2023-06-10 12:03:00,25707.47,25707.48,25692.04,25692.06,90.08261
2023-06-10 12:04:00,25692.05,25711.68,25692.01,25711.68,49.26848
2023-06-10 12:05:00,25711.68,25711.68,25692.82,25700.46,16.03184
2023-06-10 12:06:00,25700.46,25700.46,25697.65,25697.66,5.34724
2023-06-10 12:07:00,25697.65,25699.76,25692.06,25699.76,17.75466
2023-06-10 12:08:00,25699.76,25699.76,25685.49,25685.49,14.69035
2023-06-10 12:09:00,25685.5,25685.5,25676.28,25682.27,11.67119
2023-06-10 12:10:00,25682.27,25684.33,25680.4,25681.58,9.47843
2023-06-10 12:11:00,25681.58,25681.58,25670.01,25670.01,14.76303
2023-06-10 12:12:00,25670.02,25680.98,25660.01,25675.33,46.86146
2023-06-10 12:13:00,25675.33,25675.33,25669.79,25673.74,20.02656
2023-06-10 12:14:00,25673.75,25676.74,25669.1,25669.11,24.62661
2023-06-10 12:15:00,25669.1,25672.62,25663.65,25663.66,26.71975
2023-06-10 12:16:00,25663.66,25663.66,25638.9,25654.72,49.14419
2023-06-10 12:17:00,25654.71,25654.72,25645.16,25654.08,13.82964
2023-06-10 12:18:00,25654.08,25657.52,25654.07,25657.51,10.99304
2023-06-10 12:19:00,25657.52,25663.66,25657.51,25663.65,18.0755
2023-06-10 12:20:00,25663.66,25665.49,25650.86,25653.35,21.18702
2023-06-10 12:21:00,25653.34,25656,25642.93,25642.93,10.30432
2023-06-10 12:22:00,25642.93,25642.94,25633.8,25637.27,78.33446
2023-06-10 12:23:00,25637.28,25642.76,25634.24,25634.24,53.93659
2023-06-10 12:24:00,25634.25,25642.25,25623.66,25642.25,30.71867
2023-06-10 12:25:00,25642.24,25642.25,25636.9,25636.9,8.73117
2023-06-10 12:26:00,25636.9,25641.01,25628.28,25628.29,14.54892
2023-06-10 12:27:00,25628.28,25633.04,25625.61,25633.04,11.13593
2023-06-10 12:28:00,25633.04,25638.94,25627.59,25638.93,16.27334
2023-06-10 12:29:00,25638.94,25638.94,25634.85,25637.28,15.60648
2023-06-10 12:30:00,25637.27,25637.28,25625,25625,21.18917
2023-06-10 12:31:00,25625.01,25631.55,25621,25631.55,13.47069
2023-06-10 12:32:00,25631.55,25647.73,25631.54,25646.91,30.01111
2023-06-10 12:33:00,25646.9,25670.67,25646.9,25666.2,31.20398
2023-06-10 12:34:00,25666.19,25673.61,25663.14,25663.14,16.67628
2023-06-10 12:35:00,25663.15,25663.15,25644.89,25644.89,6.1845
2023-06-10 12:36:00,25644.9,25644.9,25630.11,25630.11,6.26178
2023-06-10 12:37:00,25630.12,25630.12,25609.77,25612.78,60.01824
2023-06-10 12:38:00,25612.78,25623.53,25612.77,25620.94,20.72103
2023-06-10 12:39:00,25620.95,25645.74,25620.94,25633.08,45.80953
2023-06-10 12:40:00,25633.08,25646.34,25628.96,25646.33,12.99388
2023-06-10 12:41:00,25646.33,25652.93,25621.33,25621.33,46.43454
2023-06-10 12:42:00,25621.34,25639.99,25621.33,25635.29,30.50643
2023-06-10 12:43:00,25635.28,25640.36,25635.28,25636.79,9.94089
2023-06-10 12:44:00,25636.79,25644.49,25632.97,25644.49,24.54551
2023-06-10 12:45:00,25644.48,25655.52,25644.48,25652.23,28.97171
2023-06-10 12:46:00,25652.22,25658,25650,25658,11.24368
2023-06-10 12:47:00,25657.99,25677,25654.82,25664.05,100.69702
2023-06-10 12:48:00,25664.05,25664.06,25648.84,25648.85,11.59053
2023-06-10 12:49:00,25648.84,25648.85,25648.02,25648.03,22.79766
2023-06-10 12:50:00,25648.02,25663.9,25648.02,25663.89,16.38418
2023-06-10 12:51:00,25663.89,25663.9,25655.74,25655.75,14.31877
2023-06-10 12:52:00,25655.74,25661.65,25654.33,25660.95,22.423
2023-06-10 12:53:00,25660.94,25661.23,25652.72,25652.73,12.3722
2023-06-10 12:54:00,25652.72,25652.73,25644.15,25644.15,10.67415
2023-06-10 12:55:00,25644.16,25644.16,25642.59,25642.6,9.14914
2023-06-10 12:56:00,25642.6,25642.6,25621.81,25621.82,30.76452
2023-06-10 12:57:00,25621.81,25623.95,25617.18,25621.94,18.52226
2023-06-10 12:58:00,25621.93,25629.05,25619.94,25621.6,21.34898
2023-06-10 12:59:00,25621.6,25624.2,25608.58,25616.18,31.83253
2023-06-10 13:00:00,25616.19,25620.94,25606.34,25620.93,26.23327
2023-06-10 13:01:00,25620.93,25624.78,25601.5,25602.82,16.93019
2023-06-10 13:02:00,25602.81,25614.05,25602.81,25606.38,14.12425
2023-06-10 13:03:00,25606.38,25624.78,25593.18,25624.77,78.85091
2023-06-10 13:04:00,25624.77,25629.43,25619.65,25619.66,20.17664
2023-06-10 13:05:00,25619.65,25629.21,25617.55,25624.57,13.19712
2023-06-10 13:06:00,25624.58,25624.58,25612.15,25612.16,18.43663
2023-06-10 13:07:00,25612.16,25613.73,25610.24,25610.24,15.62905
2023-06-10 13:08:00,25610.24,25623.79,25610.24,25618.58,14.53536
2023-06-10 13:09:00,25618.58,25618.58,25612.11,25612.12,16.16661
2023-06-10 13:10:00,25612.11,25614.73,25610.11,25612.11,11.86422
2023-06-10 13:11:00,25612.12,25621.86,25572.94,25582.06,51.71444
2023-06-10 13:12:00,25582.07,25605.08,25582.06,25592.61,27.83296
2023-06-10 13:13:00,25592.61,25610.05,25582.08,25608.87,44.90884
2023-06-10 13:14:00,25608.87,25617.96,25605.56,25613.05,18.24191
2023-06-10 13:15:00,25613.05,25640,25605.57,25639.99,24.37239
